source,target,weight
3M,AECOM,0.014092595740094863
3M,BERKSHIRE HATHAWAY,0.025185228552594866
3M,CHEMOURS,0.0110926328125
3M,CSX,0.006010820405273437
3M,CUMMINS,0.1237529609375
3M,DTE ENERGY,0.006010820405273437
3M,DUPONT DE NEMOURS,0.16375010355259484
3M,EDISON INTERNATIONAL,0.025185228552594866
3M,ENTERGY,0.04084541605259486
3M,EXELON,0.025185228552594866
3M,FLUOR,0.04084541605259486
3M,GENERAL DYNAMICS,0.0267528203125
3M,HOLLYFRONTIER,0.0267528203125
3M,MCKESSON,0.014092595740094863
3M,MICRON TECHNOLOGY,0.112660328125
3M,MOTOROLA SOLUTIONS,0.08906033210518972
3M,NORTHROP GRUMMAN,0.03483459564732143
3M,PPG INDUSTRIES,0.26847062315778464
3M,PPL,0.04084541605259486
3M,PUBLIC SERVICE ENTERPRISE GROUP,0.04084541605259486
3M,TESLA,0.019174408147321426
3M,UNION PACIFIC,0.04084541605259486
ABBOTT LABORATORIES,GENERAL ELECTRIC,0.0267528203125
ABBVIE,AMERISOURCEBERGEN,0.014026583350172525
ABBVIE,AMGEN,0.011490017139147135
ABBVIE,APPLIED MATERIALS,0.21375000000000005
ABBVIE,BIOGEN,0.31299266652764834
ABBVIE,BLACKSTONE GROUP,0.014092595740094863
ABBVIE,BRISTOL-MYERS SQUIBB,0.017500837544420573
ABBVIE,CENTENE,0.17176586649749395
ABBVIE,CHS,0.2729046875
ABBVIE,CVS HEALTH,0.08338088363664109
ABBVIE,FACEBOOK,0.32176586649749395
ABBVIE,GENERAL ELECTRIC,0.014026583350172525
ABBVIE,GENWORTH FINANCIAL,0.21375000000000005
ABBVIE,GILEAD SCIENCES,0.18792249593988702
ABBVIE,GOLDMAN SACHS GROUP,0.24987500000000004
ABBVIE,HARTFORD FINANCIAL SERVICES,0.32176586649749395
ABBVIE,HCA HEALTHCARE,0.008081775334821427
ABBVIE,HUMANA,0.075365120691742
ABBVIE,IBM,0.0939992251824879
ABBVIE,JOHNSON & JOHNSON,0.1857924498476665
ABBVIE,MASSACHUSETTS MUTUAL LIFE INSURANCE,0.24987500000000004
ABBVIE,MERCK,0.03613494203516648
ABBVIE,METLIFE,0.2729046875
ABBVIE,MOLINA HEALTHCARE,0.010552329155924479
ABBVIE,MUTUAL OF OMAHA INSURANCE,0.08590750781249999
ABBVIE,NATIONWIDE,0.32176586649749395
ABBVIE,NEXTERA ENERGY,0.21375000000000005
ABBVIE,PRUDENTIAL FINANCIAL,0.32176586649749395
ABBVIE,RAYTHEON,0.008015762944899087
ABBVIE,W.R. BERKLEY,0.2729046875
ADP,BEST BUY,0.21375000000000005
ADP,MCDONALD'S,0.21375000000000005
ADVANCED MICRO DEVICES,MICRON TECHNOLOGY,0.06375
AECOM,AMERICAN FAMILY INSURANCE GROUP,0.1050918579949879
AECOM,AMERIPRISE FINANCIAL,0.003474254194248047
AECOM,BERKSHIRE HATHAWAY,0.3438742251824879
AECOM,CENTENE,0.014026583350172525
AECOM,CHS,0.0230296875
AECOM,CISCO SYSTEMS,0.16829161230324588
AECOM,CSX,0.014026583350172525
AECOM,DELL TECHNOLOGIES,0.003474254194248047
AECOM,DELTA AIR LINES,0.025582612879241996
AECOM,DTE ENERGY,0.014026583350172525
AECOM,ECOLAB,0.038689875
AECOM,EDISON INTERNATIONAL,0.014092595740094863
AECOM,ENTERGY,0.033200991497493955
AECOM,EXELON,0.022108358684993952
AECOM,FIRSTENERGY,0.008015762944899087
AECOM,FLUOR,0.04084541605259486
AECOM,GENERAL DYNAMICS,0.0267528203125
AECOM,GILEAD SCIENCES,0.003474254194248047
AECOM,HARTFORD FINANCIAL SERVICES,0.033200991497493955
AECOM,HOME DEPOT,0.003474254194248047
AECOM,HONEYWELL INTERNATIONAL,0.022042346295071614
AECOM,JACOBS ENGINEERING GROUP,0.12290468750000001
AECOM,LABORATORY CORP. OF AMERICA,0.003474254194248047
AECOM,MAGELLAN HEALTH,0.138564875
AECOM,PG&E,0.017500837544420573
AECOM,PPG INDUSTRIES,0.0939992251824879
AECOM,PPL,0.008015762944899087
AECOM,PUBLIC SERVICE ENTERPRISE GROUP,0.018634104490745904
AECOM,SHERWIN-WILLIAMS,0.0230296875
AECOM,SOUTHERN,0.022108358684993952
AECOM,SOUTHWEST AIRLINES,0.04469100863664109
AECOM,TESLA,0.008081775334821427
AECOM,TEXTRON,0.12290468750000001
AECOM,UNION PACIFIC,0.011490017139147135
AECOM,USAA,0.06375
AECOM,XCEL ENERGY,0.07189086649749395
AES,AMEREN,0.099875
AES,AMERICAN ELECTRIC POWER,0.099875
AES,CUMMINS,0.099875
AES,ELI LILLY,0.036125
AES,ENTERGY,0.036125
AES,EXELON,0.24987500000000004
AES,FIRSTENERGY,0.24987500000000004
AES,LIVE NATION ENTERTAINMENT,0.036125
AES,PPL,0.24987500000000004
AES,SOUTHERN,0.24987500000000004
AFLAC,CISCO SYSTEMS,0.24987500000000004
AFLAC,HP,0.036125
AIG,ALLSTATE,0.06933593353266043
AIG,ALLY FINANCIAL,0.0110926328125
AIG,CITIGROUP,0.025185228552594866
AIG,HARTFORD FINANCIAL SERVICES,0.05878360437673596
AIG,JPMORGAN CHASE & CO.,0.033200991497493955
AIG,LIBERTY MUTUAL INSURANCE GROUP,0.025516600489319658
AIG,TIAA,0.016031525889798174
ALASKA AIR GROUP,AMERICAN ELECTRIC POWER,0.0077131085607718055
ALASKA AIR GROUP,BALL,0.0077131085607718055
ALASKA AIR GROUP,BERKSHIRE HATHAWAY,0.0077131085607718055
ALASKA AIR GROUP,BOEING,0.0077131085607718055
ALASKA AIR GROUP,CENTERPOINT ENERGY,0.0037330415899990864
ALASKA AIR GROUP,CSX,0.0077131085607718055
ALASKA AIR GROUP,DELL TECHNOLOGIES,0.0077131085607718055
ALASKA AIR GROUP,DELTA AIR LINES,0.0077131085607718055
ALASKA AIR GROUP,DTE ENERGY,0.0077131085607718055
ALASKA AIR GROUP,ENTERGY,0.0077131085607718055
ALASKA AIR GROUP,EXELON,0.0077131085607718055
ALASKA AIR GROUP,FEDEX,0.01890047131579166
ALASKA AIR GROUP,FIRSTENERGY,0.0077131085607718055
ALASKA AIR GROUP,GENERAL DYNAMICS,0.08590750781249999
ALASKA AIR GROUP,GILEAD SCIENCES,0.03111688324825589
ALASKA AIR GROUP,HERSHEY,0.09398928314732143
ALASKA AIR GROUP,HUMANA,0.054230480934059105
ALASKA AIR GROUP,KROGER,0.0012954160024901385
ALASKA AIR GROUP,LIBERTY MUTUAL INSURANCE GROUP,0.0012954160024901385
ALASKA AIR GROUP,LOCKHEED MARTIN,0.005028457592489225
ALASKA AIR GROUP,LOEWS,0.0077131085607718055
ALASKA AIR GROUP,MOLINA HEALTHCARE,0.0453869248032459
ALASKA AIR GROUP,NAVISTAR INTERNATIONAL,0.036125
ALASKA AIR GROUP,ORACLE,0.0077131085607718055
ALASKA AIR GROUP,PEABODY ENERGY,0.0077131085607718055
ALASKA AIR GROUP,PNC FINANCIAL SERVICES,0.0077131085607718055
ALASKA AIR GROUP,PPL,0.0077131085607718055
ALASKA AIR GROUP,RAYTHEON,0.0077131085607718055
ALASKA AIR GROUP,SOUTHERN,0.0029366670463690475
ALASKA AIR GROUP,STATE FARM INSURANCE,0.0077131085607718055
ALASKA AIR GROUP,VERIZON,0.0077131085607718055
ALLSTATE,AMAZON,0.004271354132132253
ALLSTATE,AMERICAN FAMILY INSURANCE GROUP,0.051262199104749065
ALLSTATE,AMERIPRISE FINANCIAL,0.035229246188439756
ALLSTATE,CBS,0.017598019325917664
ALLSTATE,FOX CORP,0.004739261000230559
ALLSTATE,HARTFORD FINANCIAL SERVICES,0.055255610959158256
ALLSTATE,IBM,0.000346510563259192
ALLSTATE,KROGER,0.029821467245765752
ALLSTATE,LIBERTY MUTUAL INSURANCE GROUP,0.06047982151364226
ALLSTATE,LOCKHEED MARTIN,0.000346510563259192
ALLSTATE,MICROSOFT,0.0010239391753954533
ALLSTATE,NATIONWIDE,0.014215550869154077
ALLSTATE,NORTHWESTERN MUTUAL,0.008980492207337232
ALLSTATE,PRUDENTIAL FINANCIAL,0.01368916189766232
ALLSTATE,STATE FARM INSURANCE,0.03804467957926144
ALLSTATE,TIAA,0.3325067193950804
ALLSTATE,VERIZON,0.000346510563259192
ALLY FINANCIAL,AMERICAN AIRLINES GROUP,0.449315015625
ALLY FINANCIAL,AMERICAN EXPRESS,0.0497825078125
ALLY FINANCIAL,BANK OF NEW YORK MELLON,0.0156601875
ALLY FINANCIAL,CITIGROUP,0.199440015625
ALLY FINANCIAL,DANAHER,0.038689875
ALLY FINANCIAL,ECOLAB,0.038689875
ALLY FINANCIAL,FIFTH THIRD BANCORP,0.0156601875
ALLY FINANCIAL,FLUOR,0.0110926328125
ALLY FINANCIAL,GENERAL DYNAMICS,0.1496575078125
ALLY FINANCIAL,HARTFORD FINANCIAL SERVICES,0.08590750781249999
ALLY FINANCIAL,HERSHEY,0.0497825078125
ALLY FINANCIAL,HILTON WORLDWIDE HOLDINGS,0.34944001562500004
ALLY FINANCIAL,HOLLYFRONTIER,0.1496575078125
ALLY FINANCIAL,HUMANA,0.160750140625
ALLY FINANCIAL,JPMORGAN CHASE & CO.,0.08590750781249999
ALLY FINANCIAL,MAGELLAN HEALTH,0.138564875
ALLY FINANCIAL,MOLINA HEALTHCARE,0.0110926328125
ALLY FINANCIAL,NAVISTAR INTERNATIONAL,0.036125
ALLY FINANCIAL,NORFOLK SOUTHERN,0.0267528203125
ALLY FINANCIAL,PRINCIPAL FINANCIAL,0.138564875
ALLY FINANCIAL,PRUDENTIAL FINANCIAL,0.1496575078125
ALLY FINANCIAL,QUEST DIAGNOSTICS,0.0497825078125
ALLY FINANCIAL,SYNCHRONY FINANCIAL,0.0267528203125
ALLY FINANCIAL,TENET HEALTHCARE,0.06375
ALLY FINANCIAL,WALGREENS BOOTS ALLIANCE,0.074814875
ALPHABET,AMAZON,0.32947897505826584
ALPHABET,AT&T,0.015728871505670892
ALPHABET,CHARTER COMMUNICATIONS,0.015728871505670892
ALPHABET,COGNIZANT TECHNOLOGY SOLUTIONS,0.21375000000000005
ALPHABET,FACEBOOK,0.01890047131579166
ALPHABET,FOX CORP,0.015728871505670892
ALPHABET,HEWLETT PACKARD ENTERPRISE,0.3406663378132857
ALPHABET,HOME DEPOT,0.011187362755019853
ALPHABET,IHEARTMEDIA,0.005028457592489225
ALPHABET,INTUIT,0.3137501035525949
ALPHABET,MICROSOFT,0.3529209551247086
ALPHABET,ORACLE,0.1426452093189565
ALPHABET,RAYTHEON,0.0029366670463690475
ALPHABET,SALESFORCE,0.288564875
ALPHABET,TEXAS INSTRUMENTS,0.30773928314732146
ALPHABET,VERIZON,0.015728871505670892
ALTRIA GROUP,COCA-COLA,0.012825600785406066
ALTRIA GROUP,MOLSON COORS BEVERAGE,0.3042250625
AMAZON,AMERICAN FAMILY INSURANCE GROUP,0.007324461811788182
AMAZON,AMERIPRISE FINANCIAL,0.0032474149567367997
AMAZON,AT&T,0.00916041821693091
AMAZON,BERKSHIRE HATHAWAY,0.00061667684951879
AMAZON,BOEING,0.000346510563259192
AMAZON,CBS,0.00022462910060343537
AMAZON,CHARTER COMMUNICATIONS,0.00716037057542517
AMAZON,CMS ENERGY,0.0009631874127779822
AMAZON,COGNIZANT TECHNOLOGY SOLUTIONS,0.21375000000000005
AMAZON,DTE ENERGY,0.0004686025537850738
AMAZON,DUKE ENERGY,0.000346510563259192
AMAZON,EXELON,0.0009631874127779822
AMAZON,EXXONMOBIL,0.00024729242949645417
AMAZON,FACEBOOK,0.01593671089200843
AMAZON,FOX CORP,0.02663988052219435
AMAZON,GENERAL ELECTRIC,0.00017582271974550512
AMAZON,HARTFORD FINANCIAL SERVICES,0.0022594656808854812
AMAZON,HEWLETT PACKARD ENTERPRISE,0.332930243683019
AMAZON,HOME DEPOT,0.018534228437152633
AMAZON,HONEYWELL INTERNATIONAL,0.18361423540803978
AMAZON,IBM,0.0007993100747920181
AMAZON,IHEARTMEDIA,0.011930994841995599
AMAZON,INTUIT,0.3137501035525949
AMAZON,JPMORGAN CHASE & CO.,0.006158905162530628
AMAZON,KROGER,0.0029366670463690475
AMAZON,LOCKHEED MARTIN,0.0009631874127779822
AMAZON,MICROSOFT,0.34469554756299475
AMAZON,NATIONWIDE,0.010369807478105555
AMAZON,ORACLE,0.12002372243959364
AMAZON,PG&E,0.00061667684951879
AMAZON,PNC FINANCIAL SERVICES,0.015482110136347711
AMAZON,SALESFORCE,0.288564875
AMAZON,STATE FARM INSURANCE,0.009098575873213648
AMAZON,TEXAS INSTRUMENTS,0.30773928314732146
AMAZON,TIAA,0.014215107091834437
AMAZON,UNION PACIFIC,0.0009631874127779822
AMAZON,XCEL ENERGY,0.00061667684951879
AMEREN,CELANESE,0.036125
AMEREN,CENTERPOINT ENERGY,0.24987500000000004
AMEREN,CUMMINS,0.099875
AMEREN,ENTERGY,0.036125
AMEREN,EXXONMOBIL,0.24987500000000004
AMEREN,FLUOR,0.036125
AMEREN,LOCKHEED MARTIN,0.099875
AMEREN,NORTHERN TRUST,0.036125
AMEREN,PUBLIC SERVICE ENTERPRISE GROUP,0.036125
AMEREN,RAYTHEON,0.036125
AMERICAN AIRLINES GROUP,AMERICAN EXPRESS,0.0497825078125
AMERICAN AIRLINES GROUP,ARAMARK,0.0267528203125
AMERICAN AIRLINES GROUP,CITIGROUP,0.1496575078125
AMERICAN AIRLINES GROUP,CONSTELLATION BRANDS,0.0497825078125
AMERICAN AIRLINES GROUP,GENERAL DYNAMICS,0.1496575078125
AMERICAN AIRLINES GROUP,HERSHEY,0.0497825078125
AMERICAN AIRLINES GROUP,HILTON WORLDWIDE HOLDINGS,0.2996575078125
AMERICAN AIRLINES GROUP,HOLLYFRONTIER,0.1496575078125
AMERICAN AIRLINES GROUP,HUMANA,0.160750140625
AMERICAN AIRLINES GROUP,LIVE NATION ENTERTAINMENT,0.0230296875
AMERICAN AIRLINES GROUP,MAGELLAN HEALTH,0.138564875
AMERICAN AIRLINES GROUP,MOLINA HEALTHCARE,0.0110926328125
AMERICAN AIRLINES GROUP,NAVISTAR INTERNATIONAL,0.036125
AMERICAN AIRLINES GROUP,NORFOLK SOUTHERN,0.0267528203125
AMERICAN AIRLINES GROUP,PRINCIPAL FINANCIAL,0.138564875
AMERICAN AIRLINES GROUP,PRUDENTIAL FINANCIAL,0.1496575078125
AMERICAN AIRLINES GROUP,QUEST DIAGNOSTICS,0.076535328125
AMERICAN AIRLINES GROUP,TENET HEALTHCARE,0.06375
AMERICAN AIRLINES GROUP,WALGREENS BOOTS ALLIANCE,0.0904750625
AMERICAN AIRLINES GROUP,XCEL ENERGY,0.0267528203125
AMERICAN ELECTRIC POWER,ARTHUR J. GALLAGHER,0.038689875
AMERICAN ELECTRIC POWER,BALL,0.1003364448492216
AMERICAN ELECTRIC POWER,BANK OF NEW YORK MELLON,0.0156601875
AMERICAN ELECTRIC POWER,BERKSHIRE HATHAWAY,0.08389872243959365
AMERICAN ELECTRIC POWER,BOEING,0.026034439292272185
AMERICAN ELECTRIC POWER,CENTENE,0.014433455503180755
AMERICAN ELECTRIC POWER,CENTERPOINT ENERGY,0.06890385989830443
AMERICAN ELECTRIC POWER,CHEMOURS,0.0267528203125
AMERICAN ELECTRIC POWER,CHEVRON,0.005590163383817998
AMERICAN ELECTRIC POWER,CIGNA,0.009323204973817084
AMERICAN ELECTRIC POWER,CMS ENERGY,0.41067348953982047
AMERICAN ELECTRIC POWER,CSX,0.08389872243959365
AMERICAN ELECTRIC POWER,DELL TECHNOLOGIES,0.08347876797095757
AMERICAN ELECTRIC POWER,DTE ENERGY,0.5501659200514961
AMERICAN ELECTRIC POWER,DUKE ENERGY,0.39258545328741085
AMERICAN ELECTRIC POWER,DUPONT DE NEMOURS,0.060449080470957546
AMERICAN ELECTRIC POWER,ENTERGY,0.051912417725374624
AMERICAN ELECTRIC POWER,EXELON,0.4508145642552156
AMERICAN ELECTRIC POWER,EXXONMOBIL,0.007231414427696907
AMERICAN ELECTRIC POWER,FEDEX,0.06002555618301895
AMERICAN ELECTRIC POWER,FIRSTENERGY,0.4769001769230287
AMERICAN ELECTRIC POWER,GENERAL MOTORS,0.002448104881944781
AMERICAN ELECTRIC POWER,GILEAD SCIENCES,0.0012954160024901385
AMERICAN ELECTRIC POWER,HARTFORD FINANCIAL SERVICES,0.0012670030445132742
AMERICAN ELECTRIC POWER,HERSHEY,0.008081775334821427
AMERICAN ELECTRIC POWER,HOLLYFRONTIER,0.0110926328125
AMERICAN ELECTRIC POWER,HUMANA,0.0026846509682825815
AMERICAN ELECTRIC POWER,KROGER,0.0012954160024901385
AMERICAN ELECTRIC POWER,LEIDOS HOLDINGS,0.0453869248032459
AMERICAN ELECTRIC POWER,LIBERTY MUTUAL INSURANCE GROUP,0.002323112697798982
AMERICAN ELECTRIC POWER,LIVE NATION ENTERTAINMENT,0.0230296875
AMERICAN ELECTRIC POWER,LOCKHEED MARTIN,0.0125902556598361
AMERICAN ELECTRIC POWER,LOEWS,0.08210577420090824
AMERICAN ELECTRIC POWER,LUMEN TECHNOLOGIES,0.05786428314732143
AMERICAN ELECTRIC POWER,MICROSOFT,0.000501482894064252
AMERICAN ELECTRIC POWER,MOLINA HEALTHCARE,0.004541508750651042
AMERICAN ELECTRIC POWER,NIKE,0.038689875
AMERICAN ELECTRIC POWER,ORACLE,0.045208847439593636
AMERICAN ELECTRIC POWER,PEABODY ENERGY,0.08326942232444814
AMERICAN ELECTRIC POWER,PG&E,0.020620336274250244
AMERICAN ELECTRIC POWER,PNC FINANCIAL SERVICES,0.08389872243959365
AMERICAN ELECTRIC POWER,PPL,0.4856220325730105
AMERICAN ELECTRIC POWER,PRINCIPAL FINANCIAL,0.038689875
AMERICAN ELECTRIC POWER,PUBLIC SERVICE ENTERPRISE GROUP,0.01509383790657552
AMERICAN ELECTRIC POWER,RAYTHEON,0.045208847439593636
AMERICAN ELECTRIC POWER,SOUTHERN,0.19321184075133313
AMERICAN ELECTRIC POWER,STATE FARM INSURANCE,0.08367409333899022
AMERICAN ELECTRIC POWER,VERIZON,0.02002361888699875
AMERICAN ELECTRIC POWER,WELLS FARGO,0.0230296875
AMERICAN ELECTRIC POWER,XCEL ENERGY,0.3770123487847015
AMERICAN EXPRESS,CAPITAL ONE FINANCIAL,0.014026583350172525
AMERICAN EXPRESS,CITIGROUP,0.014092595740094863
AMERICAN EXPRESS,GENERAL DYNAMICS,0.0497825078125
AMERICAN EXPRESS,GILEAD SCIENCES,0.014026583350172525
AMERICAN EXPRESS,HERSHEY,0.05786428314732143
AMERICAN EXPRESS,HEWLETT PACKARD ENTERPRISE,0.04886117899749395
AMERICAN EXPRESS,HILTON WORLDWIDE HOLDINGS,0.014092595740094863
AMERICAN EXPRESS,HOLLYFRONTIER,0.0497825078125
AMERICAN EXPRESS,HUMANA,0.055309350182487914
AMERICAN EXPRESS,KROGER,0.008015762944899087
AMERICAN EXPRESS,LOCKHEED MARTIN,0.04886117899749395
AMERICAN EXPRESS,MAGELLAN HEALTH,0.038689875
AMERICAN EXPRESS,MCDONALD'S,0.138564875
AMERICAN EXPRESS,MOLINA HEALTHCARE,0.029726737303245907
AMERICAN EXPRESS,NORFOLK SOUTHERN,0.03483459564732143
AMERICAN EXPRESS,PRINCIPAL FINANCIAL,0.038689875
AMERICAN EXPRESS,PRUDENTIAL FINANCIAL,0.07189086649749395
AMERICAN EXPRESS,QUEST DIAGNOSTICS,0.05786428314732143
AMERICAN EXPRESS,SEMPRA ENERGY,0.019174408147321426
AMERICAN EXPRESS,SYNCHRONY FINANCIAL,0.004541508750651042
AMERICAN EXPRESS,WALGREENS BOOTS ALLIANCE,0.038689875
AMERICAN FAMILY INSURANCE GROUP,AMERIPRISE FINANCIAL,0.00046790686809830654
AMERICAN FAMILY INSURANCE GROUP,AT&T,0.0008144174313574987
AMERICAN FAMILY INSURANCE GROUP,BALL,0.0006551566432593875
AMERICAN FAMILY INSURANCE GROUP,BERKSHIRE HATHAWAY,0.046008157514385646
AMERICAN FAMILY INSURANCE GROUP,CENTENE,0.02044427590845419
AMERICAN FAMILY INSURANCE GROUP,CHARTER COMMUNICATIONS,0.00046790686809830654
AMERICAN FAMILY INSURANCE GROUP,CISCO SYSTEMS,0.029726737303245907
AMERICAN FAMILY INSURANCE GROUP,CMS ENERGY,0.012807166016891679
AMERICAN FAMILY INSURANCE GROUP,CSX,0.01219048916737289
AMERICAN FAMILY INSURANCE GROUP,DELTA AIR LINES,0.03232326638840822
AMERICAN FAMILY INSURANCE GROUP,DTE ENERGY,0.00778343207299247
AMERICAN FAMILY INSURANCE GROUP,ENTERGY,0.04091410005826576
AMERICAN FAMILY INSURANCE GROUP,EXELON,0.010122515048609101
AMERICAN FAMILY INSURANCE GROUP,EXXONMOBIL,0.00024729242949645417
AMERICAN FAMILY INSURANCE GROUP,FEDEX,0.008479726217242411
AMERICAN FAMILY INSURANCE GROUP,FLUOR,0.025185228552594866
AMERICAN FAMILY INSURANCE GROUP,FOX CORP,0.006460790211408543
AMERICAN FAMILY INSURANCE GROUP,GENERAL DYNAMICS,0.0110926328125
AMERICAN FAMILY INSURANCE GROUP,GENERAL ELECTRIC,5.4628991252519865e-05
AMERICAN FAMILY INSURANCE GROUP,GENERAL MOTORS,0.0013007929688562702
AMERICAN FAMILY INSURANCE GROUP,GILEAD SCIENCES,0.011187362755019853
AMERICAN FAMILY INSURANCE GROUP,HARTFORD FINANCIAL SERVICES,0.13399984788867678
AMERICAN FAMILY INSURANCE GROUP,LIBERTY MUTUAL INSURANCE GROUP,0.008740805256080649
AMERICAN FAMILY INSURANCE GROUP,LOCKHEED MARTIN,0.002592258313477411
AMERICAN FAMILY INSURANCE GROUP,MICROSOFT,0.0008988258871903584
AMERICAN FAMILY INSURANCE GROUP,NATIONWIDE,0.03267564543641369
AMERICAN FAMILY INSURANCE GROUP,NORTHWESTERN MUTUAL,0.015934909647880538
AMERICAN FAMILY INSURANCE GROUP,PG&E,0.026833749367064206
AMERICAN FAMILY INSURANCE GROUP,PPG INDUSTRIES,0.1301242251824879
AMERICAN FAMILY INSURANCE GROUP,PPL,0.019798989786395313
AMERICAN FAMILY INSURANCE GROUP,PUBLIC SERVICE ENTERPRISE GROUP,0.018634104490745904
AMERICAN FAMILY INSURANCE GROUP,SOUTHERN,0.030849163941074596
AMERICAN FAMILY INSURANCE GROUP,SOUTHWEST AIRLINES,0.03797743301189671
AMERICAN FAMILY INSURANCE GROUP,STATE FARM INSURANCE,0.22082903994247116
AMERICAN FAMILY INSURANCE GROUP,UNION PACIFIC,0.020822928961790766
AMERICAN FAMILY INSURANCE GROUP,VERIZON,9.951581239834036e-05
AMERICAN FAMILY INSURANCE GROUP,XCEL ENERGY,0.046008157514385646
AMERIPRISE FINANCIAL,AMGEN,0.0020663131193052924
AMERIPRISE FINANCIAL,ARAMARK,0.0267528203125
AMERIPRISE FINANCIAL,AT&T,0.00489020378810349
AMERIPRISE FINANCIAL,BANK OF AMERICA,0.06387510355259486
AMERIPRISE FINANCIAL,CHARTER COMMUNICATIONS,0.0032474149567367997
AMERIPRISE FINANCIAL,CVS HEALTH,0.0008189458040742346
AMERIPRISE FINANCIAL,DELL TECHNOLOGIES,0.014638631379773039
AMERIPRISE FINANCIAL,DELTA AIR LINES,0.04341589920090823
AMERIPRISE FINANCIAL,FIFTH THIRD BANCORP,0.038689875
AMERIPRISE FINANCIAL,FOX CORP,0.0032474149567367997
AMERIPRISE FINANCIAL,GENERAL ELECTRIC,0.007985837681343104
AMERIPRISE FINANCIAL,HARTFORD FINANCIAL SERVICES,0.015199448311182246
AMERIPRISE FINANCIAL,HOME DEPOT,0.006293594062065769
AMERIPRISE FINANCIAL,IBM,0.004165876573209374
AMERIPRISE FINANCIAL,IHEARTMEDIA,0.007992561796492343
AMERIPRISE FINANCIAL,INTUIT,0.06387510355259486
AMERIPRISE FINANCIAL,JPMORGAN CHASE & CO.,0.07457551746577654
AMERIPRISE FINANCIAL,KEYCORP,0.038689875
AMERIPRISE FINANCIAL,LABORATORY CORP. OF AMERICA,0.02479300965327653
AMERIPRISE FINANCIAL,NATIONWIDE,0.015387475305417713
AMERIPRISE FINANCIAL,NORTHWESTERN MUTUAL,0.00012139630483911458
AMERIPRISE FINANCIAL,PG&E,0.020822928961790766
AMERIPRISE FINANCIAL,PNC FINANCIAL SERVICES,0.007081795528934708
AMERIPRISE FINANCIAL,PRUDENTIAL FINANCIAL,0.036299167978384304
AMERIPRISE FINANCIAL,SOUTHWEST AIRLINES,0.01880302486457528
AMERIPRISE FINANCIAL,TIAA,0.018797054826890196
AMERIPRISE FINANCIAL,UNION PACIFIC,0.01628142021113973
AMERIPRISE FINANCIAL,UNITED AIRLINES HOLDINGS,0.0156601875
AMERIPRISE FINANCIAL,WELLS FARGO,0.0230296875
AMERISOURCEBERGEN,AMGEN,0.003474254194248047
AMERISOURCEBERGEN,BIOGEN,0.014026583350172525
AMERISOURCEBERGEN,BRISTOL-MYERS SQUIBB,0.022108358684993952
AMERISOURCEBERGEN,CIGNA,0.32176586649749395
AMERISOURCEBERGEN,CVS HEALTH,0.003474254194248047
AMERISOURCEBERGEN,GENERAL ELECTRIC,0.014026583350172525
AMERISOURCEBERGEN,HUMANA,0.003474254194248047
AMERISOURCEBERGEN,JOHNSON & JOHNSON,0.014026583350172525
AMERISOURCEBERGEN,MERCK,0.033200991497493955
AMERISOURCEBERGEN,MUTUAL OF OMAHA INSURANCE,0.0110926328125
AMGEN,AT&T,0.0016427888313666913
AMGEN,BIOGEN,0.011490017139147135
AMGEN,BOEING,0.005094057456119878
AMGEN,BRISTOL-MYERS SQUIBB,0.034275621939282304
AMGEN,CENTENE,0.0064176925582816674
AMGEN,CIGNA,0.012460655453632489
AMGEN,CVS HEALTH,0.03539282880520903
AMGEN,DELL TECHNOLOGIES,0.00042352428793860145
AMGEN,GENERAL ELECTRIC,0.018257959688153382
AMGEN,GENERAL MOTORS,9.951581239834036e-05
AMGEN,GILEAD SCIENCES,0.010649775607140855
AMGEN,HUMANA,0.006158905162530628
AMGEN,IBM,0.02288924208109606
AMGEN,IHEARTMEDIA,0.00042352428793860145
AMGEN,JOHNSON & JOHNSON,0.01802823955565353
AMGEN,MERCK,0.03450276323521796
AMGEN,MOLINA HEALTHCARE,0.004541508750651042
AMGEN,PG&E,0.0020663131193052924
AMGEN,RAYTHEON,0.02035502209369246
AMGEN,UNION PACIFIC,0.0020663131193052924
APPLIED MATERIALS,CHS,0.21375000000000005
APPLIED MATERIALS,FACEBOOK,0.21375000000000005
APPLIED MATERIALS,GENWORTH FINANCIAL,0.21375000000000005
APPLIED MATERIALS,GOLDMAN SACHS GROUP,0.21375000000000005
APPLIED MATERIALS,HARTFORD FINANCIAL SERVICES,0.21375000000000005
APPLIED MATERIALS,HUNTSMAN,0.06375
APPLIED MATERIALS,MASSACHUSETTS MUTUAL LIFE INSURANCE,0.21375000000000005
APPLIED MATERIALS,METLIFE,0.21375000000000005
APPLIED MATERIALS,NATIONWIDE,0.21375000000000005
APPLIED MATERIALS,NEXTERA ENERGY,0.21375000000000005
APPLIED MATERIALS,PPL,0.06375
APPLIED MATERIALS,PRUDENTIAL FINANCIAL,0.21375000000000005
APPLIED MATERIALS,W.R. BERKLEY,0.21375000000000005
ARAMARK,BECTON DICKINSON,0.036125
ARAMARK,CHEMOURS,0.0110926328125
ARAMARK,CONSTELLATION BRANDS,0.0267528203125
ARAMARK,DELTA AIR LINES,0.0110926328125
ARAMARK,MCKESSON,0.08590750781249999
ARAMARK,QUEST DIAGNOSTICS,0.0267528203125
ARAMARK,UNITED AIRLINES HOLDINGS,0.038689875
ARAMARK,WALGREENS BOOTS ALLIANCE,0.0156601875
ARAMARK,XCEL ENERGY,0.0267528203125
ARTHUR J. GALLAGHER,BALL,0.038689875
ARTHUR J. GALLAGHER,BANK OF NEW YORK MELLON,0.0156601875
ARTHUR J. GALLAGHER,BERKSHIRE HATHAWAY,0.038689875
ARTHUR J. GALLAGHER,CSX,0.038689875
ARTHUR J. GALLAGHER,DELL TECHNOLOGIES,0.038689875
ARTHUR J. GALLAGHER,DTE ENERGY,0.0156601875
ARTHUR J. GALLAGHER,DUKE ENERGY,0.074814875
ARTHUR J. GALLAGHER,EXELON,0.038689875
ARTHUR J. GALLAGHER,FEDEX,0.0156601875
ARTHUR J. GALLAGHER,FIRSTENERGY,0.038689875
ARTHUR J. GALLAGHER,LEIDOS HOLDINGS,0.0156601875
ARTHUR J. GALLAGHER,LIVE NATION ENTERTAINMENT,0.0230296875
ARTHUR J. GALLAGHER,LOEWS,0.038689875
ARTHUR J. GALLAGHER,LUMEN TECHNOLOGIES,0.038689875
ARTHUR J. GALLAGHER,NIKE,0.038689875
ARTHUR J. GALLAGHER,PNC FINANCIAL SERVICES,0.038689875
ARTHUR J. GALLAGHER,PPL,0.038689875
ARTHUR J. GALLAGHER,PRINCIPAL FINANCIAL,0.038689875
ARTHUR J. GALLAGHER,STATE FARM INSURANCE,0.038689875
ARTHUR J. GALLAGHER,WELLS FARGO,0.0230296875
ARTHUR J. GALLAGHER,XCEL ENERGY,0.138564875
AT&T,CBS,0.012007855942099662
AT&T,CHARTER COMMUNICATIONS,0.10517618875446572
AT&T,CMS ENERGY,0.00061667684951879
AT&T,DELL TECHNOLOGIES,0.008479726217242411
AT&T,FACEBOOK,0.012807166016891679
AT&T,FEDEX,0.006387935671122234
AT&T,FOX CORP,0.04164585792358153
AT&T,GENERAL ELECTRIC,0.0015979020102208706
AT&T,HOME DEPOT,0.025809810191668753
AT&T,IBM,0.016859361336095672
AT&T,IHEARTMEDIA,0.04455329097321902
AT&T,LOCKHEED MARTIN,0.0020663131193052924
AT&T,MICROSOFT,0.0658609687122855
AT&T,NATIONWIDE,0.00024729242949645417
AT&T,PG&E,0.0016427888313666913
AT&T,UNION PACIFIC,0.0016427888313666913
AT&T,VERIZON,0.06367436498231813
BALL,BANK OF NEW YORK MELLON,0.0156601875
BALL,BERKSHIRE HATHAWAY,0.08276093084416764
BALL,BOEING,0.06409501417712672
BALL,BOOZ ALLEN HAMILTON,0.036125
BALL,CENTENE,0.014433455503180755
BALL,CENTERPOINT ENERGY,0.0037330415899990864
BALL,CIGNA,0.00753025673513169
BALL,CMS ENERGY,0.01750127432682356
BALL,COCA-COLA,0.01619096104030478
BALL,CONSTELLATION BRANDS,0.008081775334821427
BALL,CSX,0.08276093084416764
BALL,DELL TECHNOLOGIES,0.12552167340181644
BALL,DELTA AIR LINES,0.010687212521033544
BALL,DISH NETWORK,0.0230296875
BALL,DTE ENERGY,0.06976329922194177
BALL,ENTERGY,0.04872193856155742
BALL,EXELON,0.09547763769022434
BALL,FEDEX,0.05907608670090822
BALL,FIRSTENERGY,0.08210577420090824
BALL,GENERAL MOTORS,0.0006551566432593875
BALL,GILEAD SCIENCES,0.0012954160024901385
BALL,GRAPHIC PACKAGING HOLDING,0.008081775334821427
BALL,HARTFORD FINANCIAL SERVICES,0.0006551566432593875
BALL,HERSHEY,0.008081775334821427
BALL,HONEYWELL INTERNATIONAL,0.0054384661890115125
BALL,HUMANA,0.0026846509682825815
BALL,INTERNATIONAL PAPER,0.004776441514402758
BALL,JACOBS ENGINEERING GROUP,0.0591546875
BALL,JPMORGAN CHASE & CO.,0.016711234318455108
BALL,KROGER,0.0012954160024901385
BALL,L3HARRIS TECHNOLOGIES,0.082184375
BALL,LEIDOS HOLDINGS,0.0453869248032459
BALL,LIBERTY MUTUAL INSURANCE GROUP,0.002323112697798982
BALL,LIVE NATION ENTERTAINMENT,0.0230296875
BALL,LOCKHEED MARTIN,0.026131835522224717
BALL,LOEWS,0.08210577420090824
BALL,LUMEN TECHNOLOGIES,0.06594605848214286
BALL,MOLINA HEALTHCARE,0.004541508750651042
BALL,MOTOROLA SOLUTIONS,0.019543970043994878
BALL,NIKE,0.038689875
BALL,NORTHROP GRUMMAN,0.13233809944196429
BALL,ORACLE,0.05094615593603991
BALL,PEABODY ENERGY,0.03232326638840822
BALL,PG&E,0.010870064346673657
BALL,PNC FINANCIAL SERVICES,0.08210577420090824
BALL,PPG INDUSTRIES,0.003474254194248047
BALL,PPL,0.12069158379541672
BALL,PRINCIPAL FINANCIAL,0.038689875
BALL,PUBLIC SERVICE ENTERPRISE GROUP,0.004541508750651042
BALL,QUEST DIAGNOSTICS,0.008081775334821427
BALL,RAYTHEON,0.11611586546921904
BALL,SOUTHERN,0.00396436374167789
BALL,STATE FARM INSURANCE,0.08210577420090824
BALL,UNION PACIFIC,0.014344318540921707
BALL,VERIZON,0.01823067064831336
BALL,WELLS FARGO,0.0230296875
BALL,WESTROCK,0.0110926328125
BALL,XCEL ENERGY,0.032978423031667606
BANK OF AMERICA,CIGNA,0.006010820405273437
BANK OF AMERICA,FIFTH THIRD BANCORP,0.138564875
BANK OF AMERICA,INTUIT,0.16375010355259484
BANK OF AMERICA,JPMORGAN CHASE & CO.,0.06387510355259486
BANK OF AMERICA,KEYCORP,0.038689875
BANK OF AMERICA,LOCKHEED MARTIN,0.006010820405273437
BANK OF AMERICA,PNC FINANCIAL SERVICES,0.0311960489578683
BANK OF AMERICA,SEMPRA ENERGY,0.008081775334821427
BANK OF AMERICA,SYNCHRONY FINANCIAL,0.014092595740094863
BANK OF AMERICA,VERIZON,0.014092595740094863
BANK OF AMERICA,WELLS FARGO,0.12290468750000001
BANK OF NEW YORK MELLON,BERKSHIRE HATHAWAY,0.0156601875
BANK OF NEW YORK MELLON,CONSTELLATION BRANDS,0.288564875
BANK OF NEW YORK MELLON,CSX,0.0156601875
BANK OF NEW YORK MELLON,DELL TECHNOLOGIES,0.0156601875
BANK OF NEW YORK MELLON,DTE ENERGY,0.0156601875
BANK OF NEW YORK MELLON,EXELON,0.0156601875
BANK OF NEW YORK MELLON,FEDEX,0.0156601875
BANK OF NEW YORK MELLON,FIFTH THIRD BANCORP,0.074814875
BANK OF NEW YORK MELLON,FIRSTENERGY,0.0156601875
BANK OF NEW YORK MELLON,GOLDMAN SACHS GROUP,0.036125
BANK OF NEW YORK MELLON,LEIDOS HOLDINGS,0.0156601875
BANK OF NEW YORK MELLON,LINCOLN NATIONAL,0.138564875
BANK OF NEW YORK MELLON,LOEWS,0.0156601875
BANK OF NEW YORK MELLON,LUMEN TECHNOLOGIES,0.0156601875
BANK OF NEW YORK MELLON,NIKE,0.0156601875
BANK OF NEW YORK MELLON,PNC FINANCIAL SERVICES,0.1542250625
BANK OF NEW YORK MELLON,PPL,0.0156601875
BANK OF NEW YORK MELLON,PRINCIPAL FINANCIAL,0.0156601875
BANK OF NEW YORK MELLON,STATE FARM INSURANCE,0.0156601875
BANK OF NEW YORK MELLON,SYNCHRONY FINANCIAL,0.0156601875
BANK OF NEW YORK MELLON,U.S. BANCORP,0.21375000000000005
BANK OF NEW YORK MELLON,WELLS FARGO,0.2729046875
BECTON DICKINSON,CHS,0.036125
BECTON DICKINSON,DANAHER,0.099875
BECTON DICKINSON,LABORATORY CORP. OF AMERICA,0.099875
BECTON DICKINSON,MCKESSON,0.036125
BECTON DICKINSON,QUEST DIAGNOSTICS,0.036125
BECTON DICKINSON,THERMO FISHER SCIENTIFIC,0.036125
BERKSHIRE HATHAWAY,BOEING,0.026833749367064206
BERKSHIRE HATHAWAY,CARDINAL HEALTH,0.036125
BERKSHIRE HATHAWAY,CENTENE,0.02044427590845419
BERKSHIRE HATHAWAY,CENTERPOINT ENERGY,0.0037330415899990864
BERKSHIRE HATHAWAY,CHEMOURS,0.08590750781249999
BERKSHIRE HATHAWAY,CISCO SYSTEMS,0.16829161230324588
BERKSHIRE HATHAWAY,CMS ENERGY,0.012852052838037498
BERKSHIRE HATHAWAY,CONSTELLATION BRANDS,0.03483459564732143
BERKSHIRE HATHAWAY,CSX,0.19459810444510006
BERKSHIRE HATHAWAY,CUMMINS,0.0110926328125
BERKSHIRE HATHAWAY,DELL TECHNOLOGIES,0.11918024368301897
BERKSHIRE HATHAWAY,DELTA AIR LINES,0.03232326638840822
BERKSHIRE HATHAWAY,DTE ENERGY,0.0957909415954494
BERKSHIRE HATHAWAY,EDISON INTERNATIONAL,0.025185228552594866
BERKSHIRE HATHAWAY,ENTERGY,0.048627208619037555
BERKSHIRE HATHAWAY,EXELON,0.17695370507738037
BERKSHIRE HATHAWAY,EXXONMOBIL,0.0012126830539272778
BERKSHIRE HATHAWAY,FEDEX,0.06002555618301895
BERKSHIRE HATHAWAY,FIRSTENERGY,0.1029193755384639
BERKSHIRE HATHAWAY,FLUOR,0.04084541605259486
BERKSHIRE HATHAWAY,FORD,0.038689875
BERKSHIRE HATHAWAY,GENERAL DYNAMICS,0.0267528203125
BERKSHIRE HATHAWAY,GENERAL ELECTRIC,0.012327801701482769
BERKSHIRE HATHAWAY,GENERAL MOTORS,0.0032474149567367997
BERKSHIRE HATHAWAY,GILEAD SCIENCES,0.012482778757509992
BERKSHIRE HATHAWAY,HARTFORD FINANCIAL SERVICES,0.04807447063369093
BERKSHIRE HATHAWAY,HERSHEY,0.008081775334821427
BERKSHIRE HATHAWAY,HOME DEPOT,0.015257481035744275
BERKSHIRE HATHAWAY,HUMANA,0.0026846509682825815
BERKSHIRE HATHAWAY,JACOBS ENGINEERING GROUP,0.12290468750000001
BERKSHIRE HATHAWAY,KROGER,0.0012954160024901385
BERKSHIRE HATHAWAY,LEIDOS HOLDINGS,0.0453869248032459
BERKSHIRE HATHAWAY,LIBERTY MUTUAL INSURANCE GROUP,0.006287476439476873
BERKSHIRE HATHAWAY,LIVE NATION ENTERTAINMENT,0.0230296875
BERKSHIRE HATHAWAY,LOCKHEED MARTIN,0.012759660183232335
BERKSHIRE HATHAWAY,LOEWS,0.18198077420090822
BERKSHIRE HATHAWAY,LUMEN TECHNOLOGIES,0.05786428314732143
BERKSHIRE HATHAWAY,MAGELLAN HEALTH,0.138564875
BERKSHIRE HATHAWAY,MOLINA HEALTHCARE,0.004541508750651042
BERKSHIRE HATHAWAY,NIKE,0.038689875
BERKSHIRE HATHAWAY,NORFOLK SOUTHERN,0.05786428314732143
BERKSHIRE HATHAWAY,ORACLE,0.045208847439593636
BERKSHIRE HATHAWAY,PEABODY ENERGY,0.03232326638840822
BERKSHIRE HATHAWAY,PG&E,0.030225317755333644
BERKSHIRE HATHAWAY,PNC FINANCIAL SERVICES,0.1837737224395936
BERKSHIRE HATHAWAY,PPG INDUSTRIES,0.022108358684993952
BERKSHIRE HATHAWAY,PPL,0.13959808312538552
BERKSHIRE HATHAWAY,PRINCIPAL FINANCIAL,0.038689875
BERKSHIRE HATHAWAY,PUBLIC SERVICE ENTERPRISE GROUP,0.023175613241396945
BERKSHIRE HATHAWAY,RAYTHEON,0.04554025064628735
BERKSHIRE HATHAWAY,SOUTHERN,0.01002051802947596
BERKSHIRE HATHAWAY,SOUTHWEST AIRLINES,0.03797743301189671
BERKSHIRE HATHAWAY,STANLEY BLACK & DECKER,0.0230296875
BERKSHIRE HATHAWAY,STATE FARM INSURANCE,0.08367409333899022
BERKSHIRE HATHAWAY,TESLA,0.03483459564732143
BERKSHIRE HATHAWAY,TEXTRON,0.12290468750000001
BERKSHIRE HATHAWAY,UNION PACIFIC,0.04074314287197353
BERKSHIRE HATHAWAY,USAA,0.06375
BERKSHIRE HATHAWAY,VERIZON,0.020822928961790766
BERKSHIRE HATHAWAY,VISA,0.06375
BERKSHIRE HATHAWAY,WELLS FARGO,0.0591546875
BERKSHIRE HATHAWAY,XCEL ENERGY,0.08504454307764485
BEST BUY,CVS HEALTH,0.05786428314732143
BEST BUY,HOME DEPOT,0.008081775334821427
BEST BUY,HP,0.019174408147321426
BEST BUY,LOEWS,0.05786428314732143
BEST BUY,MCDONALD'S,0.288564875
BEST BUY,TARGET,0.138564875
BEST BUY,WALMART,0.019174408147321426
BIOGEN,BLACKSTONE GROUP,0.014092595740094863
BIOGEN,BRISTOL-MYERS SQUIBB,0.022042346295071614
BIOGEN,CENTENE,0.32176586649749395
BIOGEN,CVS HEALTH,0.08338088363664109
BIOGEN,GENERAL ELECTRIC,0.06288776234766648
BIOGEN,GILEAD SCIENCES,0.07990662944239305
BIOGEN,HCA HEALTHCARE,0.008081775334821427
BIOGEN,HUMANA,0.075365120691742
BIOGEN,IBM,0.022108358684993952
BIOGEN,JOHNSON & JOHNSON,0.3357924498476665
BIOGEN,MERCK,0.03613494203516648
BIOGEN,MOLINA HEALTHCARE,0.010552329155924479
BIOGEN,RAYTHEON,0.008015762944899087
BLACKSTONE GROUP,CENTENE,0.10472051960518973
BLACKSTONE GROUP,CIGNA,0.014092595740094863
BLACKSTONE GROUP,CVS HEALTH,0.10601092395786829
BLACKSTONE GROUP,HCA HEALTHCARE,0.5943024450892858
BLACKSTONE GROUP,HUMANA,0.06387510355259486
BLACKSTONE GROUP,IBM,0.014092595740094863
BLACKSTONE GROUP,MAGELLAN HEALTH,0.038689875
BLACKSTONE GROUP,MERCK,0.025185228552594866
BLACKSTONE GROUP,MOLINA HEALTHCARE,0.1697609239578683
BOEING,BRISTOL-MYERS SQUIBB,0.0032474149567367997
BOEING,CELANESE,0.099875
BOEING,CENTERPOINT ENERGY,0.0037330415899990864
BOEING,CHEVRON,0.00012139630483911458
BOEING,CIGNA,0.031234785696665705
BOEING,CMS ENERGY,0.0017423046437650314
BOEING,COCA-COLA,0.06064440583899019
BOEING,CONSTELLATION BRANDS,0.008081775334821427
BOEING,CSX,0.026217072517545414
BOEING,CVS HEALTH,0.0018466424993830778
BOEING,DELL TECHNOLOGIES,0.05846369640621646
BOEING,DELTA AIR LINES,0.04341589920090823
BOEING,DTE ENERGY,0.027981953339437985
BOEING,DUKE ENERGY,0.0016427888313666913
BOEING,DUPONT DE NEMOURS,0.006387935671122234
BOEING,ENTERGY,0.0077131085607718055
BOEING,EXELON,0.028476538198430892
BOEING,FACEBOOK,0.00016608054963880575
BOEING,FEDEX,0.07050579870082718
BOEING,FIRSTENERGY,0.025532956398207938
BOEING,GENERAL DYNAMICS,0.0110926328125
BOEING,GENERAL ELECTRIC,0.0015795054845540689
BOEING,GENERAL MOTORS,0.003413495506375606
BOEING,GILEAD SCIENCES,0.0012954160024901385
BOEING,HARTFORD FINANCIAL SERVICES,0.012188828167914395
BOEING,HCA HEALTHCARE,0.05786428314732143
BOEING,HONEYWELL INTERNATIONAL,0.08373923540803982
BOEING,HUMANA,0.0026846509682825815
BOEING,IBM,0.005094057456119878
BOEING,IHEARTMEDIA,0.014638631379773039
BOEING,JPMORGAN CHASE & CO.,0.042044547628307165
BOEING,KROGER,0.0012954160024901385
BOEING,LEIDOS HOLDINGS,0.010552329155924479
BOEING,LIBERTY MUTUAL INSURANCE GROUP,0.002323112697798982
BOEING,LOCKHEED MARTIN,0.0970360684717543
BOEING,LOEWS,0.0242414910535868
BOEING,MARRIOTT INTERNATIONAL,0.06375
BOEING,MERCK,0.0037932644872636073
BOEING,MICROSOFT,0.005094057456119878
BOEING,MOLINA HEALTHCARE,0.004541508750651042
BOEING,NORTHERN TRUST,0.12290468750000001
BOEING,NORTHROP GRUMMAN,0.008081775334821427
BOEING,ORACLE,0.035357644266089276
BOEING,PEABODY ENERGY,0.0242414910535868
BOEING,PG&E,0.002100103043648288
BOEING,PNC FINANCIAL SERVICES,0.026034439292272185
BOEING,PPL,0.02642865984763999
BOEING,PUBLIC SERVICE ENTERPRISE GROUP,0.004541508750651042
BOEING,RAYTHEON,0.11602627120833708
BOEING,SOUTHERN,0.00396436374167789
BOEING,STATE FARM INSURANCE,0.025809810191668753
BOEING,UNION PACIFIC,0.0016876756525125117
BOEING,VERIZON,0.024889289722601803
BOEING,XCEL ENERGY,0.000346510563259192
BOOZ ALLEN HAMILTON,CUMMINS,0.099875
BOOZ ALLEN HAMILTON,MASCO,0.15000000000000002
BOOZ ALLEN HAMILTON,XCEL ENERGY,0.036125
BOSTON SCIENTIFIC,CAPITAL ONE FINANCIAL,0.014092595740094863
BOSTON SCIENTIFIC,GENERAL ELECTRIC,0.0311960489578683
BOSTON SCIENTIFIC,GILEAD SCIENCES,0.3137501035525949
BOSTON SCIENTIFIC,INTERNATIONAL PAPER,0.3137501035525949
BOSTON SCIENTIFIC,LIBERTY MUTUAL INSURANCE GROUP,0.10000010355259485
BOSTON SCIENTIFIC,QUEST DIAGNOSTICS,0.30773928314732146
BOSTON SCIENTIFIC,SALESFORCE,0.038689875
BOSTON SCIENTIFIC,STANLEY BLACK & DECKER,0.0230296875
BRISTOL-MYERS SQUIBB,CIGNA,0.0046207069495237075
BRISTOL-MYERS SQUIBB,CVS HEALTH,0.017817314800155054
BRISTOL-MYERS SQUIBB,GENERAL ELECTRIC,0.039551141741664256
BRISTOL-MYERS SQUIBB,GILEAD SCIENCES,0.010649775607140855
BRISTOL-MYERS SQUIBB,HUMANA,0.006158905162530628
BRISTOL-MYERS SQUIBB,IBM,0.0032474149567367997
BRISTOL-MYERS SQUIBB,JOHNSON & JOHNSON,0.026833749367064206
BRISTOL-MYERS SQUIBB,MERCK,0.03556135372090989
BRISTOL-MYERS SQUIBB,RAYTHEON,0.002779508088638493
CAMPBELL SOUP,GAP,0.2775000000000001
CAMPBELL SOUP,NIKE,0.06375
CAPITAL ONE FINANCIAL,CITIGROUP,0.16375010355259484
CAPITAL ONE FINANCIAL,DELL TECHNOLOGIES,0.002323112697798982
CAPITAL ONE FINANCIAL,FIFTH THIRD BANCORP,0.138564875
CAPITAL ONE FINANCIAL,GILEAD SCIENCES,0.021739691910944332
CAPITAL ONE FINANCIAL,HEWLETT PACKARD ENTERPRISE,0.0049920604369867345
CAPITAL ONE FINANCIAL,HUMANA,0.016711234318455108
CAPITAL ONE FINANCIAL,KEYCORP,0.288564875
CAPITAL ONE FINANCIAL,KROGER,0.015728871505670892
CAPITAL ONE FINANCIAL,MOLINA HEALTHCARE,0.010552329155924479
CAPITAL ONE FINANCIAL,NATIONWIDE,0.008740805256080649
CAPITAL ONE FINANCIAL,NORTHWESTERN MUTUAL,0.00396436374167789
CAPITAL ONE FINANCIAL,PRUDENTIAL FINANCIAL,0.022767388606253176
CAPITAL ONE FINANCIAL,SYNCHRONY FINANCIAL,0.04992843355389695
CAPITAL ONE FINANCIAL,VERIZON,0.0010276966953088433
CAPITAL ONE FINANCIAL,WESTERN UNION,0.036125
CARDINAL HEALTH,DELL TECHNOLOGIES,0.036125
CARDINAL HEALTH,EXELON,0.036125
CARDINAL HEALTH,GENERAL ELECTRIC,0.24987500000000004
CARDINAL HEALTH,LOEWS,0.036125
CARDINAL HEALTH,PNC FINANCIAL SERVICES,0.036125
CARDINAL HEALTH,PPL,0.036125
CARDINAL HEALTH,SALESFORCE,0.099875
CARDINAL HEALTH,STANLEY BLACK & DECKER,0.099875
CARDINAL HEALTH,WELLS FARGO,0.036125
CBS,CHARTER COMMUNICATIONS,0.013564258094447256
CBS,FACEBOOK,0.026034439292272185
CBS,FOX CORP,0.0275260714373889
CBS,HARTFORD FINANCIAL SERVICES,0.012007855942099662
CBS,IHEARTMEDIA,0.033696260158457544
CBS,JOHNSON & JOHNSON,0.06086903493959363
CBS,LIBERTY MUTUAL INSURANCE GROUP,0.011063917953879633
CBS,STATE FARM INSURANCE,0.01585334512222065
CELANESE,MARRIOTT INTERNATIONAL,0.06375
CELANESE,NORTHERN TRUST,0.136
CELANESE,RAYTHEON,0.036125
CENTENE,CIGNA,0.010150734148280754
CENTENE,CISCO SYSTEMS,0.010552329155924479
CENTENE,CMS ENERGY,0.016309639310811384
CENTENE,CSX,0.0064176925582816674
CENTENE,CVS HEALTH,0.11489355390121181
CENTENE,DELTA AIR LINES,0.02044427590845419
CENTENE,DTE ENERGY,0.005374292633877996
CENTENE,ENTERGY,0.03487773141163495
CENTENE,EXELON,0.010150734148280754
CENTENE,FLUOR,0.006010820405273437
CENTENE,GILEAD SCIENCES,0.011533197796408623
CENTENE,HARTFORD FINANCIAL SERVICES,0.02044427590845419
CENTENE,HCA HEALTHCARE,0.05786428314732143
CENTENE,HUMANA,0.07457551746577654
CENTENE,IBM,0.0064176925582816674
CENTENE,JOHNSON & JOHNSON,0.3281835590557757
CENTENE,MERCK,0.0064176925582816674
CENTENE,MOLINA HEALTHCARE,0.26643496190973776
CENTENE,PG&E,0.02044427590845419
CENTENE,PPG INDUSTRIES,0.014026583350172525
CENTENE,PPL,0.02886691100636151
CENTENE,PUBLIC SERVICE ENTERPRISE GROUP,0.010552329155924479
CENTENE,RAYTHEON,0.0064176925582816674
CENTENE,SOUTHWEST AIRLINES,0.01880302486457528
CENTENE,UNION PACIFIC,0.014433455503180755
CENTENE,XCEL ENERGY,0.03487773141163495
CENTERPOINT ENERGY,CHEMOURS,0.0497825078125
CENTERPOINT ENERGY,CHEVRON,0.014433455503180755
CENTERPOINT ENERGY,CMS ENERGY,0.024325402255710473
CENTERPOINT ENERGY,CORNING,0.20342710821129342
CENTERPOINT ENERGY,CSX,0.0037330415899990864
CENTERPOINT ENERGY,DELL TECHNOLOGIES,0.0037330415899990864
CENTERPOINT ENERGY,DTE ENERGY,0.057785181148955464
CENTERPOINT ENERGY,DUKE ENERGY,0.020042680900810468
CENTERPOINT ENERGY,DUPONT DE NEMOURS,0.07830855905577562
CENTERPOINT ENERGY,ENTERGY,0.0037330415899990864
CENTERPOINT ENERGY,EXELON,0.09193354739830444
CENTERPOINT ENERGY,EXXONMOBIL,0.3281835590557757
CENTERPOINT ENERGY,FEDEX,0.0037330415899990864
CENTERPOINT ENERGY,FIRSTENERGY,0.043351725645774705
CENTERPOINT ENERGY,FLUOR,0.10000010355259485
CENTERPOINT ENERGY,HOLLYFRONTIER,0.0110926328125
CENTERPOINT ENERGY,LOCKHEED MARTIN,0.1819166006457747
CENTERPOINT ENERGY,LOEWS,0.03223626110061386
CENTERPOINT ENERGY,ONEOK,0.136
CENTERPOINT ENERGY,ORACLE,0.0037330415899990864
CENTERPOINT ENERGY,PEABODY ENERGY,0.007466083179998173
CENTERPOINT ENERGY,PHILLIPS 66,0.04669254833645547
CENTERPOINT ENERGY,PNC FINANCIAL SERVICES,0.0037330415899990864
CENTERPOINT ENERGY,PPL,0.09193354739830444
CENTERPOINT ENERGY,PUBLIC SERVICE ENTERPRISE GROUP,0.1045416123032459
CENTERPOINT ENERGY,RAYTHEON,0.0037330415899990864
CENTERPOINT ENERGY,SEMPRA ENERGY,0.15185356629464286
CENTERPOINT ENERGY,SOUTHERN,0.001641251043878909
CENTERPOINT ENERGY,STATE FARM INSURANCE,0.0037330415899990864
CENTERPOINT ENERGY,VERIZON,0.0037330415899990864
CENTERPOINT ENERGY,XCEL ENERGY,0.001641251043878909
CHARLES SCHWAB,YUM CHINA HOLDINGS,0.06375
CHARTER COMMUNICATIONS,FACEBOOK,0.026177096022237584
CHARTER COMMUNICATIONS,FOX CORP,0.05090409328559178
CHARTER COMMUNICATIONS,HOME DEPOT,0.03389158552649017
CHARTER COMMUNICATIONS,IBM,0.00716037057542517
CHARTER COMMUNICATIONS,IHEARTMEDIA,0.03327273587051894
CHARTER COMMUNICATIONS,MICROSOFT,0.06339206290031653
CHARTER COMMUNICATIONS,NATIONWIDE,0.00024729242949645417
CHARTER COMMUNICATIONS,VERIZON,0.06288168429208833
CHEMOURS,CISCO SYSTEMS,0.0110926328125
CHEMOURS,CUMMINS,0.0110926328125
CHEMOURS,DTE ENERGY,0.0110926328125
CHEMOURS,DUPONT DE NEMOURS,0.099565015625
CHEMOURS,EDISON INTERNATIONAL,0.0110926328125
CHEMOURS,EXELON,0.06087514062499999
CHEMOURS,FIRSTENERGY,0.0110926328125
CHEMOURS,FORD,0.038689875
CHEMOURS,HOLLYFRONTIER,0.0110926328125
CHEMOURS,MCKESSON,0.0110926328125
CHEMOURS,MICRON TECHNOLOGY,0.0110926328125
CHEMOURS,OWENS CORNING,0.0230296875
CHEMOURS,PPL,0.0497825078125
CHEMOURS,SHERWIN-WILLIAMS,0.12290468750000001
CHEMOURS,STANLEY BLACK & DECKER,0.0230296875
CHEMOURS,TESLA,0.0267528203125
CHEMOURS,TEXAS INSTRUMENTS,0.0110926328125
CHEVRON,CMS ENERGY,0.008288710645569044
CHEVRON,CONOCOPHILLIPS,0.12290468750000001
CHEVRON,CORNING,0.012792204459301846
CHEVRON,DELTA AIR LINES,0.01368916189766232
CHEVRON,DTE ENERGY,0.03291331645307742
CHEVRON,DUKE ENERGY,0.018503618348983314
CHEVRON,DUPONT DE NEMOURS,0.006387935671122234
CHEVRON,EXELON,0.003719850197551842
CHEVRON,EXXONMOBIL,0.050058925760814534
CHEVRON,GENERAL DYNAMICS,0.08590750781249999
CHEVRON,GENERAL ELECTRIC,0.00024279260967822916
CHEVRON,HOLLYFRONTIER,0.08590750781249999
CHEVRON,HONEYWELL INTERNATIONAL,0.047472932337484126
CHEVRON,LOCKHEED MARTIN,0.003841246502390956
CHEVRON,LOEWS,0.02073246979095582
CHEVRON,NORTHROP GRUMMAN,0.1577392831473214
CHEVRON,PG&E,0.0872524263446041
CHEVRON,PHILLIPS 66,0.008111547678415756
CHEVRON,POLARIS INC,0.0156601875
CHEVRON,RAYTHEON,0.039073768421808895
CHEVRON,WEYERHAEUSER,0.0267528203125
CHEVRON,XCEL ENERGY,0.008288710645569044
CHS,DANAHER,0.0591546875
CHS,ECOLAB,0.0230296875
CHS,FACEBOOK,0.2729046875
CHS,GENWORTH FINANCIAL,0.21375000000000005
CHS,GOLDMAN SACHS GROUP,0.24987500000000004
CHS,HARTFORD FINANCIAL SERVICES,0.2729046875
CHS,IBM,0.0230296875
CHS,INTERNATIONAL PAPER,0.0230296875
CHS,LABORATORY CORP. OF AMERICA,0.0591546875
CHS,MASSACHUSETTS MUTUAL LIFE INSURANCE,0.24987500000000004
CHS,METLIFE,0.2729046875
CHS,NATIONWIDE,0.2729046875
CHS,NEXTERA ENERGY,0.21375000000000005
CHS,PRUDENTIAL FINANCIAL,0.2729046875
CHS,QUEST DIAGNOSTICS,0.0591546875
CHS,SHERWIN-WILLIAMS,0.0230296875
CHS,W.R. BERKLEY,0.2729046875
CIGNA,CMS ENERGY,0.010228803996882734
CIGNA,COCA-COLA,0.025809810191668753
CIGNA,CVS HEALTH,0.01140639355953796
CIGNA,DTE ENERGY,0.00977600448534991
CIGNA,ENTERGY,0.005028457592489225
CIGNA,EXELON,0.00977600448534991
CIGNA,EXXONMOBIL,0.020476418398531572
CIGNA,IBM,0.012460655453632489
CIGNA,JPMORGAN CHASE & CO.,0.006158905162530628
CIGNA,LABORATORY CORP. OF AMERICA,0.0026846509682825815
CIGNA,LOCKHEED MARTIN,0.03020708900135686
CIGNA,MERCK,0.011506373048035411
CIGNA,MICROSOFT,0.004747546892860686
CIGNA,NATIONWIDE,0.0002701662862595981
CIGNA,PPL,0.009098575873213648
CIGNA,RAYTHEON,0.03269428124248584
CIGNA,SOUTHWEST AIRLINES,0.008250695708650805
CIGNA,VERIZON,0.003719850197551842
CIGNA,XCEL ENERGY,0.00977600448534991
CISCO SYSTEMS,COCA-COLA,0.018634104490745904
CISCO SYSTEMS,CORNING,0.010552329155924479
CISCO SYSTEMS,DELTA AIR LINES,0.018634104490745904
CISCO SYSTEMS,DUPONT DE NEMOURS,0.0453869248032459
CISCO SYSTEMS,ENTERGY,0.029726737303245907
CISCO SYSTEMS,FACEBOOK,0.018634104490745904
CISCO SYSTEMS,FLUOR,0.05493801179268973
CISCO SYSTEMS,GENERAL DYNAMICS,0.0267528203125
CISCO SYSTEMS,GENERAL MOTORS,0.0684166123032459
CISCO SYSTEMS,HARTFORD FINANCIAL SERVICES,0.029726737303245907
CISCO SYSTEMS,HEWLETT PACKARD ENTERPRISE,0.0453869248032459
CISCO SYSTEMS,HOME DEPOT,0.0453869248032459
CISCO SYSTEMS,HP,0.09398928314732143
CISCO SYSTEMS,IBM,0.029726737303245907
CISCO SYSTEMS,INTERNATIONAL PAPER,0.010552329155924479
CISCO SYSTEMS,INTUIT,0.04084541605259486
CISCO SYSTEMS,JACOBS ENGINEERING GROUP,0.12290468750000001
CISCO SYSTEMS,MAGELLAN HEALTH,0.138564875
CISCO SYSTEMS,MICRON TECHNOLOGY,0.0110926328125
CISCO SYSTEMS,ORACLE,0.0453869248032459
CISCO SYSTEMS,PG&E,0.010552329155924479
CISCO SYSTEMS,PPG INDUSTRIES,0.018634104490745904
CISCO SYSTEMS,PPL,0.004541508750651042
CISCO SYSTEMS,PUBLIC SERVICE ENTERPRISE GROUP,0.018634104490745904
CISCO SYSTEMS,SALESFORCE,0.0156601875
CISCO SYSTEMS,SOUTHWEST AIRLINES,0.029726737303245907
CISCO SYSTEMS,TEXAS INSTRUMENTS,0.05400900379464285
CISCO SYSTEMS,TEXTRON,0.12290468750000001
CISCO SYSTEMS,UNION PACIFIC,0.004541508750651042
CISCO SYSTEMS,USAA,0.06375
CISCO SYSTEMS,XCEL ENERGY,0.0684166123032459
CITIGROUP,FIFTH THIRD BANCORP,0.288564875
CITIGROUP,HARTFORD FINANCIAL SERVICES,0.06387510355259486
CITIGROUP,HILTON WORLDWIDE HOLDINGS,0.16375010355259484
CITIGROUP,HUMANA,0.16375010355259484
CITIGROUP,INTUIT,0.006010820405273437
CITIGROUP,JPMORGAN CHASE & CO.,0.06387510355259486
CMS ENERGY,CSX,0.01219048916737289
CMS ENERGY,DELTA AIR LINES,0.010870064346673657
CMS ENERGY,DTE ENERGY,0.39408312254370204
CMS ENERGY,DUKE ENERGY,0.4325980040000036
CMS ENERGY,ENTERGY,0.037566009867831596
CMS ENERGY,EXELON,0.1255049557490609
CMS ENERGY,EXXONMOBIL,0.0002921792506422746
CMS ENERGY,FIRSTENERGY,0.020328095127788243
CMS ENERGY,GENERAL ELECTRIC,0.00816166040108861
CMS ENERGY,GILEAD SCIENCES,0.0077131085607718055
CMS ENERGY,HARTFORD FINANCIAL SERVICES,0.012807166016891679
CMS ENERGY,HONEYWELL INTERNATIONAL,0.0019466219878805293
CMS ENERGY,LOCKHEED MARTIN,0.012202360648347397
CMS ENERGY,NATIONWIDE,0.00061667684951879
CMS ENERGY,PG&E,0.028334944648230696
CMS ENERGY,PPL,0.0970147386477441
CMS ENERGY,PUBLIC SERVICE ENTERPRISE GROUP,0.010552329155924479
CMS ENERGY,RAYTHEON,0.0049038595340175975
CMS ENERGY,SOUTHERN,0.012215059450328697
CMS ENERGY,SOUTHWEST AIRLINES,0.004776441514402758
CMS ENERGY,UNION PACIFIC,0.024085305476117407
CMS ENERGY,XCEL ENERGY,0.426509192156818
COCA-COLA,EXXONMOBIL,0.0025003295748021624
COCA-COLA,GENERAL MOTORS,0.007006785327093471
COCA-COLA,HOME DEPOT,0.12889766921220383
COCA-COLA,INTERNATIONAL PAPER,0.017568645973704604
COCA-COLA,JPMORGAN CHASE & CO.,0.006158905162530628
COCA-COLA,LOCKHEED MARTIN,0.03416843931995099
COCA-COLA,LOWE'S,0.014092595740094863
COCA-COLA,MICROSOFT,0.004070118280724424
COCA-COLA,PEPSICO,0.08468870489015055
COCA-COLA,VERIZON,0.003319275378876397
COCA-COLA,WESTROCK,0.0267528203125
COCA-COLA,WEYERHAEUSER,0.0110926328125
COGNIZANT TECHNOLOGY SOLUTIONS,HEWLETT PACKARD ENTERPRISE,0.21375000000000005
COGNIZANT TECHNOLOGY SOLUTIONS,INTUIT,0.21375000000000005
COGNIZANT TECHNOLOGY SOLUTIONS,MICROSOFT,0.21375000000000005
COGNIZANT TECHNOLOGY SOLUTIONS,SALESFORCE,0.21375000000000005
COGNIZANT TECHNOLOGY SOLUTIONS,TEXAS INSTRUMENTS,0.21375000000000005
CONOCOPHILLIPS,ENTERGY,0.0230296875
CONOCOPHILLIPS,FLUOR,0.0230296875
CONOCOPHILLIPS,GENERAL DYNAMICS,0.082184375
CONOCOPHILLIPS,HOLLYFRONTIER,0.0591546875
CONOCOPHILLIPS,HUNTSMAN,0.036125
CONOCOPHILLIPS,LABORATORY CORP. OF AMERICA,0.0230296875
CONOCOPHILLIPS,MICRON TECHNOLOGY,0.0230296875
CONOCOPHILLIPS,NORTHERN TRUST,0.0230296875
CONOCOPHILLIPS,NORTHROP GRUMMAN,0.182059375
CONOCOPHILLIPS,PG&E,0.0230296875
CONOCOPHILLIPS,PPL,0.0591546875
CONOCOPHILLIPS,RAYTHEON,0.0230296875
CONOCOPHILLIPS,UNION PACIFIC,0.0591546875
CONSTELLATION BRANDS,ENTERGY,0.008081775334821427
CONSTELLATION BRANDS,HCA HEALTHCARE,0.008081775334821427
CONSTELLATION BRANDS,JPMORGAN CHASE & CO.,0.008081775334821427
CONSTELLATION BRANDS,LINCOLN NATIONAL,0.1577392831473214
CONSTELLATION BRANDS,LIVE NATION ENTERTAINMENT,0.0230296875
CONSTELLATION BRANDS,LUMEN TECHNOLOGIES,0.008081775334821427
CONSTELLATION BRANDS,PNC FINANCIAL SERVICES,0.1577392831473214
CONSTELLATION BRANDS,QUEST DIAGNOSTICS,0.03483459564732143
CONSTELLATION BRANDS,U.S. BANCORP,0.21375000000000005
CONSTELLATION BRANDS,WALGREENS BOOTS ALLIANCE,0.0156601875
CONSTELLATION BRANDS,WELLS FARGO,0.2729046875
CONSTELLATION BRANDS,XCEL ENERGY,0.03483459564732143
CORNING,CSX,0.0020917905461201778
CORNING,DELL TECHNOLOGIES,0.0020917905461201778
CORNING,DTE ENERGY,0.012792204459301846
CORNING,DUKE ENERGY,0.004776441514402758
CORNING,GENWORTH FINANCIAL,0.06375
CORNING,KROGER,0.03797743301189671
CORNING,LOEWS,0.01880302486457528
CORNING,MICRON TECHNOLOGY,0.0497825078125
CORNING,ONEOK,0.099875
CORNING,PHILLIPS 66,0.052861428017318746
CORNING,SEMPRA ENERGY,0.10207105848214285
CORNING,SOUTHERN,0.01880302486457528
CORNING,TEXAS INSTRUMENTS,0.05786428314732143
CSX,DELL TECHNOLOGIES,0.08465986980838909
CSX,DELTA AIR LINES,0.01021490770341427
CSX,DTE ENERGY,0.09468278833538239
CSX,EDISON INTERNATIONAL,0.006010820405273437
CSX,ENTERGY,0.015426217121543611
CSX,EXELON,0.11980426638150257
CSX,FEDEX,0.06002555618301895
CSX,FIRSTENERGY,0.1029193755384639
CSX,GENERAL ELECTRIC,0.006764538137847733
CSX,GENERAL MOTORS,0.0026307381072180093
CSX,GILEAD SCIENCES,0.009008524563261944
CSX,HARTFORD FINANCIAL SERVICES,0.013640125437159393
CSX,HERSHEY,0.008081775334821427
CSX,HOME DEPOT,0.015257481035744275
CSX,HUMANA,0.0026846509682825815
CSX,KROGER,0.0012954160024901385
CSX,LEIDOS HOLDINGS,0.0453869248032459
CSX,LIBERTY MUTUAL INSURANCE GROUP,0.006287476439476873
CSX,LIVE NATION ENTERTAINMENT,0.0230296875
CSX,LOCKHEED MARTIN,0.011481419663048933
CSX,LOEWS,0.08210577420090824
CSX,LUMEN TECHNOLOGIES,0.05786428314732143
CSX,MOLINA HEALTHCARE,0.004541508750651042
CSX,NIKE,0.038689875
CSX,NORFOLK SOUTHERN,0.30773928314732146
CSX,ORACLE,0.045208847439593636
CSX,PEABODY ENERGY,0.03232326638840822
CSX,PG&E,0.014348703856604743
CSX,PNC FINANCIAL SERVICES,0.08389872243959365
CSX,PPL,0.09545732018048643
CSX,PRINCIPAL FINANCIAL,0.038689875
CSX,PUBLIC SERVICE ENTERPRISE GROUP,0.004541508750651042
CSX,RAYTHEON,0.04539148066486686
CSX,SOUTHERN,0.016076672317274027
CSX,SOUTHWEST AIRLINES,0.004776441514402758
CSX,STATE FARM INSURANCE,0.08367409333899022
CSX,UNION PACIFIC,0.35757139680196187
CSX,VERIZON,0.020206252112271974
CSX,WELLS FARGO,0.0230296875
CSX,XCEL ENERGY,0.01219048916737289
CUMMINS,EDISON INTERNATIONAL,0.0110926328125
CUMMINS,ENTERGY,0.112660328125
CUMMINS,EXELON,0.0110926328125
CUMMINS,FLUOR,0.0267528203125
CUMMINS,GENERAL DYNAMICS,0.0267528203125
CUMMINS,HOLLYFRONTIER,0.076535328125
CUMMINS,MICRON TECHNOLOGY,0.112660328125
CUMMINS,MOTOROLA SOLUTIONS,0.037845453125
CUMMINS,NORTHROP GRUMMAN,0.0267528203125
CUMMINS,PG&E,0.0267528203125
CUMMINS,PPG INDUSTRIES,0.076535328125
CUMMINS,PPL,0.0267528203125
CUMMINS,PUBLIC SERVICE ENTERPRISE GROUP,0.0267528203125
CUMMINS,SOUTHWEST AIRLINES,0.0497825078125
CUMMINS,TESLA,0.0110926328125
CUMMINS,UNION PACIFIC,0.0267528203125
CVS HEALTH,EXXONMOBIL,0.0018466424993830778
CVS HEALTH,GENERAL ELECTRIC,0.013034005254402932
CVS HEALTH,GILEAD SCIENCES,0.09528220825789582
CVS HEALTH,HCA HEALTHCARE,0.09398928314732143
CVS HEALTH,HOME DEPOT,0.004783309545752125
CVS HEALTH,HUMANA,0.1914349400940837
CVS HEALTH,IBM,0.01757551400505397
CVS HEALTH,JOHNSON & JOHNSON,0.013034005254402932
CVS HEALTH,LOEWS,0.08145061755764885
CVS HEALTH,LOWE'S,0.025185228552594866
CVS HEALTH,MERCK,0.031428465063531134
CVS HEALTH,MOLINA HEALTHCARE,0.10908312105389693
CVS HEALTH,RAYTHEON,0.019422156504437047
CVS HEALTH,WALMART,0.019174408147321426
DANAHER,ECOLAB,0.138564875
DANAHER,HILTON WORLDWIDE HOLDINGS,0.038689875
DANAHER,LABORATORY CORP. OF AMERICA,0.288564875
DANAHER,ONEOK,0.099875
DANAHER,QUEST DIAGNOSTICS,0.074814875
DELL TECHNOLOGIES,DELTA AIR LINES,0.01368916189766232
DELL TECHNOLOGIES,DISCOVER FINANCIAL SERVICES,0.05786428314732143
DELL TECHNOLOGIES,DISH NETWORK,0.0591546875
DELL TECHNOLOGIES,DTE ENERGY,0.06002555618301895
DELL TECHNOLOGIES,DUPONT DE NEMOURS,0.008479726217242411
DELL TECHNOLOGIES,ENTERGY,0.0077131085607718055
DELL TECHNOLOGIES,EXELON,0.11918024368301897
DELL TECHNOLOGIES,FEDEX,0.06002555618301895
DELL TECHNOLOGIES,FIRSTENERGY,0.08547881561246332
DELL TECHNOLOGIES,GENERAL ELECTRIC,0.006387935671122234
DELL TECHNOLOGIES,GENERAL MOTORS,0.0016046261253701082
DELL TECHNOLOGIES,GILEAD SCIENCES,0.002590832004980277
DELL TECHNOLOGIES,HARTFORD FINANCIAL SERVICES,0.00042352428793860145
DELL TECHNOLOGIES,HERSHEY,0.008081775334821427
DELL TECHNOLOGIES,HEWLETT PACKARD ENTERPRISE,0.02202723634780702
DELL TECHNOLOGIES,HUMANA,0.0026846509682825815
DELL TECHNOLOGIES,IBM,0.08858955813027151
DELL TECHNOLOGIES,IHEARTMEDIA,0.006387935671122234
DELL TECHNOLOGIES,KROGER,0.002590832004980277
DELL TECHNOLOGIES,LABORATORY CORP. OF AMERICA,0.006158905162530628
DELL TECHNOLOGIES,LEIDOS HOLDINGS,0.0453869248032459
DELL TECHNOLOGIES,LIBERTY MUTUAL INSURANCE GROUP,0.002323112697798982
DELL TECHNOLOGIES,LIVE NATION ENTERTAINMENT,0.0230296875
DELL TECHNOLOGIES,LOCKHEED MARTIN,0.0196441034027674
DELL TECHNOLOGIES,LOEWS,0.11823077420090823
DELL TECHNOLOGIES,LUMEN TECHNOLOGIES,0.05786428314732143
DELL TECHNOLOGIES,MICROSOFT,0.050753304354141174
DELL TECHNOLOGIES,MOLINA HEALTHCARE,0.004541508750651042
DELL TECHNOLOGIES,MOTOROLA SOLUTIONS,0.00884355613081321
DELL TECHNOLOGIES,NIKE,0.038689875
DELL TECHNOLOGIES,NORTHROP GRUMMAN,0.019174408147321426
DELL TECHNOLOGIES,ORACLE,0.07297470451279617
DELL TECHNOLOGIES,PEABODY ENERGY,0.03232326638840822
DELL TECHNOLOGIES,PG&E,0.014638631379773039
DELL TECHNOLOGIES,PNC FINANCIAL SERVICES,0.12078486980838908
DELL TECHNOLOGIES,PPL,0.11918024368301897
DELL TECHNOLOGIES,PRINCIPAL FINANCIAL,0.038689875
DELL TECHNOLOGIES,PRUDENTIAL FINANCIAL,0.0037972151451326035
DELL TECHNOLOGIES,PUBLIC SERVICE ENTERPRISE GROUP,0.004541508750651042
DELL TECHNOLOGIES,RAYTHEON,0.09115430929548224
DELL TECHNOLOGIES,SOUTHERN,0.00396436374167789
DELL TECHNOLOGIES,SOUTHWEST AIRLINES,0.008250695708650805
DELL TECHNOLOGIES,STATE FARM INSURANCE,0.08305524368301898
DELL TECHNOLOGIES,UNION PACIFIC,0.014638631379773039
DELL TECHNOLOGIES,VERIZON,0.06354550881344302
DELL TECHNOLOGIES,WELLS FARGO,0.0591546875
DELTA AIR LINES,DTE ENERGY,0.0094143677789876
DELTA AIR LINES,ENTERGY,0.034849924838254984
DELTA AIR LINES,EXELON,0.011506158325107776
DELTA AIR LINES,FEDEX,0.13191993609857056
DELTA AIR LINES,FLUOR,0.014092595740094863
DELTA AIR LINES,GENERAL ELECTRIC,0.0054384661890115125
DELTA AIR LINES,GILEAD SCIENCES,0.011187362755019853
DELTA AIR LINES,HARTFORD FINANCIAL SERVICES,0.03232326638840822
DELTA AIR LINES,HONEYWELL INTERNATIONAL,0.0054384661890115125
DELTA AIR LINES,IBM,0.0014741024473336219
DELTA AIR LINES,IHEARTMEDIA,0.0054384661890115125
DELTA AIR LINES,LABORATORY CORP. OF AMERICA,0.02479300965327653
DELTA AIR LINES,LOCKHEED MARTIN,0.018885827291572746
DELTA AIR LINES,MOTOROLA SOLUTIONS,0.016711234318455108
DELTA AIR LINES,NORTHROP GRUMMAN,0.008081775334821427
DELTA AIR LINES,PG&E,0.05866312274220495
DELTA AIR LINES,PPG INDUSTRIES,0.022108358684993952
DELTA AIR LINES,PPL,0.025760927383445053
DELTA AIR LINES,PUBLIC SERVICE ENTERPRISE GROUP,0.018634104490745904
DELTA AIR LINES,RAYTHEON,0.11774732427877141
DELTA AIR LINES,SOUTHWEST AIRLINES,0.177283157940444
DELTA AIR LINES,TEXTRON,0.0230296875
DELTA AIR LINES,UNION PACIFIC,0.12155586348201561
DELTA AIR LINES,XCEL ENERGY,0.03232326638840822
DISCOVER FINANCIAL SERVICES,PEABODY ENERGY,0.05786428314732143
DISCOVER FINANCIAL SERVICES,SYNCHRONY FINANCIAL,0.008081775334821427
DISH NETWORK,L3HARRIS TECHNOLOGIES,0.145934375
DISH NETWORK,NORTHROP GRUMMAN,0.0230296875
DTE ENERGY,DUKE ENERGY,0.38494261343565883
DTE ENERGY,DUPONT DE NEMOURS,0.044365368683018956
DTE ENERGY,EDISON INTERNATIONAL,0.006010820405273437
DTE ENERGY,ENTERGY,0.029715215355381252
DTE ENERGY,EXELON,0.18414000568511932
DTE ENERGY,EXXONMOBIL,0.009613579358251285
DTE ENERGY,FEDEX,0.06002555618301895
DTE ENERGY,FIRSTENERGY,0.22079213052217916
DTE ENERGY,GENERAL ELECTRIC,0.00969432120164947
DTE ENERGY,GENERAL MOTORS,0.0030001225272403456
DTE ENERGY,GILEAD SCIENCES,0.004232083048859186
DTE ENERGY,HARTFORD FINANCIAL SERVICES,0.00960245276280131
DTE ENERGY,HERSHEY,0.008081775334821427
DTE ENERGY,HOLLYFRONTIER,0.0110926328125
DTE ENERGY,HOME DEPOT,0.015257481035744275
DTE ENERGY,HONEYWELL INTERNATIONAL,0.0037932644872636073
DTE ENERGY,HUMANA,0.0026846509682825815
DTE ENERGY,KROGER,0.0012954160024901385
DTE ENERGY,LEIDOS HOLDINGS,0.0453869248032459
DTE ENERGY,LIBERTY MUTUAL INSURANCE GROUP,0.006287476439476873
DTE ENERGY,LOCKHEED MARTIN,0.01978362828123699
DTE ENERGY,LOEWS,0.07730675734922159
DTE ENERGY,LUMEN TECHNOLOGIES,0.03483459564732143
DTE ENERGY,MICROSOFT,0.000369384420022336
DTE ENERGY,MOLINA HEALTHCARE,0.004541508750651042
DTE ENERGY,NATIONWIDE,0.000369384420022336
DTE ENERGY,NIKE,0.0156601875
DTE ENERGY,ORACLE,0.045208847439593636
DTE ENERGY,PEABODY ENERGY,0.08326942232444814
DTE ENERGY,PG&E,0.024240191273915454
DTE ENERGY,PHILLIPS 66,0.006056154287798069
DTE ENERGY,PNC FINANCIAL SERVICES,0.06086903493959363
DTE ENERGY,PPL,0.15584323557635965
DTE ENERGY,PRINCIPAL FINANCIAL,0.0156601875
DTE ENERGY,PUBLIC SERVICE ENTERPRISE GROUP,0.17283312105389695
DTE ENERGY,RAYTHEON,0.05376485512702163
DTE ENERGY,SOUTHERN,0.012343630727274943
DTE ENERGY,STATE FARM INSURANCE,0.06064440583899019
DTE ENERGY,TESLA,0.008081775334821427
DTE ENERGY,UNION PACIFIC,0.021772500655969803
DTE ENERGY,VERIZON,0.020575636532294314
DTE ENERGY,XCEL ENERGY,0.3803263149797202
DUKE ENERGY,DUPONT DE NEMOURS,0.003451268624753187
DUKE ENERGY,ENTERGY,0.026916234260690747
DUKE ENERGY,EXELON,0.05468570386698383
DUKE ENERGY,EXXONMOBIL,0.0068636124456096645
DUKE ENERGY,FIRSTENERGY,0.047778540378848496
DUKE ENERGY,GENERAL ELECTRIC,0.0021315231298496325
DUKE ENERGY,GENERAL MOTORS,0.00016608054963880575
DUKE ENERGY,HONEYWELL INTERNATIONAL,0.01532262310479388
DUKE ENERGY,LOCKHEED MARTIN,0.0007993100747920181
DUKE ENERGY,LOEWS,0.01021490770341427
DUKE ENERGY,MICROSOFT,0.00024729242949645417
DUKE ENERGY,PEABODY ENERGY,0.003156955785901853
DUKE ENERGY,PG&E,0.2076164758535871
DUKE ENERGY,PHILLIPS 66,0.006056154287798069
DUKE ENERGY,PPL,0.06439036365485461
DUKE ENERGY,PUBLIC SERVICE ENTERPRISE GROUP,0.010552329155924479
DUKE ENERGY,RAYTHEON,0.0020077680640263476
DUKE ENERGY,SEMPRA ENERGY,0.1577392831473214
DUKE ENERGY,SOUTHERN,0.012215059450328697
DUKE ENERGY,TESLA,0.05786428314732143
DUKE ENERGY,UNION PACIFIC,0.001908385193403837
DUKE ENERGY,XCEL ENERGY,0.5759187861708222
DUPONT DE NEMOURS,EXELON,0.08305524368301898
DUPONT DE NEMOURS,FIRSTENERGY,0.04678894061246329
DUPONT DE NEMOURS,FLUOR,0.014092595740094863
DUPONT DE NEMOURS,HOLLYFRONTIER,0.0110926328125
DUPONT DE NEMOURS,IBM,0.044365368683018956
DUPONT DE NEMOURS,ILLINOIS TOOL WORKS,0.036125
DUPONT DE NEMOURS,INTERNATIONAL PAPER,0.023579466378978047
DUPONT DE NEMOURS,ORACLE,0.002423571929444343
DUPONT DE NEMOURS,OWENS CORNING,0.0591546875
DUPONT DE NEMOURS,PEABODY ENERGY,0.00753025673513169
DUPONT DE NEMOURS,PPG INDUSTRIES,0.17176586649749395
DUPONT DE NEMOURS,PPL,0.08305524368301898
DUPONT DE NEMOURS,WHIRLPOOL,0.036125
EBAY,LIVE NATION ENTERTAINMENT,0.036125
ECOLAB,HILTON WORLDWIDE HOLDINGS,0.038689875
ECOLAB,LOEWS,0.0904750625
ECOLAB,ONEOK,0.099875
ECOLAB,SHERWIN-WILLIAMS,0.3550890625
EDISON INTERNATIONAL,EXELON,0.025185228552594866
EDISON INTERNATIONAL,FORD,0.0156601875
EDISON INTERNATIONAL,GENERAL MOTORS,0.014092595740094863
EDISON INTERNATIONAL,TESLA,0.05400900379464285
EDISON INTERNATIONAL,XCEL ENERGY,0.025185228552594866
ELI LILLY,LIVE NATION ENTERTAINMENT,0.036125
ENTERGY,EXELON,0.039120213266072776
ENTERGY,EXXONMOBIL,0.0029366670463690475
ENTERGY,FEDEX,0.0077131085607718055
ENTERGY,FIRSTENERGY,0.03164203746905269
ENTERGY,FLUOR,0.08906033210518972
ENTERGY,GENERAL DYNAMICS,0.06087514062499999
ENTERGY,GENERAL ELECTRIC,0.005028457592489225
ENTERGY,GILEAD SCIENCES,0.012482778757509992
ENTERGY,HARTFORD FINANCIAL SERVICES,0.04091410005826576
ENTERGY,HOLLYFRONTIER,0.0267528203125
ENTERGY,HONEYWELL INTERNATIONAL,0.02183713836216071
ENTERGY,HUMANA,0.0026846509682825815
ENTERGY,KROGER,0.0012954160024901385
ENTERGY,LIBERTY MUTUAL INSURANCE GROUP,0.0012954160024901385
ENTERGY,LOCKHEED MARTIN,0.005028457592489225
ENTERGY,LOEWS,0.0077131085607718055
ENTERGY,LUMEN TECHNOLOGIES,0.008081775334821427
ENTERGY,MICRON TECHNOLOGY,0.0497825078125
ENTERGY,MOTOROLA SOLUTIONS,0.03588564246577653
ENTERGY,NORTHROP GRUMMAN,0.05786428314732143
ENTERGY,ORACLE,0.0077131085607718055
ENTERGY,PEABODY ENERGY,0.01274156615326103
ENTERGY,PG&E,0.021739691910944332
ENTERGY,PNC FINANCIAL SERVICES,0.0077131085607718055
ENTERGY,PPG INDUSTRIES,0.07096953768248791
ENTERGY,PPL,0.1546385483427126
ENTERGY,PUBLIC SERVICE ENTERPRISE GROUP,0.09828927534788877
ENTERGY,QUEST DIAGNOSTICS,0.008081775334821427
ENTERGY,RAYTHEON,0.010649775607140855
ENTERGY,SOUTHERN,0.0752398261103057
ENTERGY,SOUTHWEST AIRLINES,0.09161505352379341
ENTERGY,STATE FARM INSURANCE,0.0077131085607718055
ENTERGY,UNION PACIFIC,0.117072538474881
ENTERGY,VERIZON,0.0077131085607718055
ENTERGY,XCEL ENERGY,0.1384972176173171
EXELON,EXXONMOBIL,0.00024729242949645417
EXELON,FEDEX,0.06002555618301895
EXELON,FIRSTENERGY,0.517938309075766
EXELON,GENERAL ELECTRIC,0.012118611790325787
EXELON,GENERAL MOTORS,0.005479808625680897
EXELON,GILEAD SCIENCES,0.006323873594979363
EXELON,HARTFORD FINANCIAL SERVICES,0.012188828167914395
EXELON,HERSHEY,0.008081775334821427
EXELON,HOLLYFRONTIER,0.0110926328125
EXELON,HOME DEPOT,0.015257481035744275
EXELON,HONEYWELL INTERNATIONAL,0.0037932644872636073
EXELON,HUMANA,0.0026846509682825815
EXELON,KROGER,0.0012954160024901385
EXELON,LEIDOS HOLDINGS,0.0453869248032459
EXELON,LIBERTY MUTUAL INSURANCE GROUP,0.006287476439476873
EXELON,LIVE NATION ENTERTAINMENT,0.0230296875
EXELON,LOCKHEED MARTIN,0.02011466418509316
EXELON,LOEWS,0.11823077420090823
EXELON,LUMEN TECHNOLOGIES,0.05786428314732143
EXELON,MICROSOFT,0.00024729242949645417
EXELON,MOLINA HEALTHCARE,0.004541508750651042
EXELON,NATIONWIDE,0.00061667684951879
EXELON,NIKE,0.038689875
EXELON,ORACLE,0.045208847439593636
EXELON,PEABODY ENERGY,0.03985352312353991
EXELON,PG&E,0.1432936805001787
EXELON,PNC FINANCIAL SERVICES,0.12002372243959364
EXELON,PPL,0.6901365982288223
EXELON,PRINCIPAL FINANCIAL,0.038689875
EXELON,PUBLIC SERVICE ENTERPRISE GROUP,0.009083017501302084
EXELON,RAYTHEON,0.05376485512702163
EXELON,SOUTHERN,0.34052718978305063
EXELON,SOUTHWEST AIRLINES,0.0020917905461201778
EXELON,STATE FARM INSURANCE,0.08367409333899022
EXELON,TESLA,0.019174408147321426
EXELON,UNION PACIFIC,0.026494711963954705
EXELON,VERIZON,0.020822928961790766
EXELON,WELLS FARGO,0.0591546875
EXELON,XCEL ENERGY,0.056919853813733844
EXXONMOBIL,FIRSTENERGY,0.007071927396143075
EXXONMOBIL,FLUOR,0.10000010355259485
EXXONMOBIL,GENERAL ELECTRIC,0.00035625273336589144
EXXONMOBIL,GRAPHIC PACKAGING HOLDING,0.1577392831473214
EXXONMOBIL,HARTFORD FINANCIAL SERVICES,0.00034680824189479455
EXXONMOBIL,HONEYWELL INTERNATIONAL,0.0027655677919547635
EXXONMOBIL,INTUIT,0.014092595740094863
EXXONMOBIL,JPMORGAN CHASE & CO.,0.0026846509682825815
EXXONMOBIL,LOCKHEED MARTIN,0.18482032494388212
EXXONMOBIL,PEABODY ENERGY,0.023669136837324876
EXXONMOBIL,PG&E,0.0012712316048919077
EXXONMOBIL,PHILLIPS 66,0.0020553933906176866
EXXONMOBIL,PUBLIC SERVICE ENTERPRISE GROUP,0.1045416123032459
EXXONMOBIL,RAYTHEON,0.03444761783378732
EXXONMOBIL,SOUTHWEST AIRLINES,0.008250695708650805
EXXONMOBIL,UNION PACIFIC,0.00024729242949645417
EXXONMOBIL,WESTROCK,0.1496575078125
EXXONMOBIL,XCEL ENERGY,0.0014373121545307134
FACEBOOK,FEDEX,0.006387935671122234
FACEBOOK,FOX CORP,0.11041188036056733
FACEBOOK,GENERAL MOTORS,0.0007993100747920181
FACEBOOK,GENWORTH FINANCIAL,0.21375000000000005
FACEBOOK,GOLDMAN SACHS GROUP,0.24987500000000004
FACEBOOK,HARTFORD FINANCIAL SERVICES,0.33457303251438564
FACEBOOK,HEWLETT PACKARD ENTERPRISE,0.03422220535262966
FACEBOOK,HOME DEPOT,0.03389158552649017
FACEBOOK,HP,0.019174408147321426
FACEBOOK,IBM,0.09185840308981084
FACEBOOK,INTUIT,0.014092595740094863
FACEBOOK,MASSACHUSETTS MUTUAL LIFE INSURANCE,0.24987500000000004
FACEBOOK,METLIFE,0.2729046875
FACEBOOK,MICROSOFT,0.02820659034726078
FACEBOOK,NATIONWIDE,0.33457303251438564
FACEBOOK,NEXTERA ENERGY,0.21375000000000005
FACEBOOK,ORACLE,0.035909162865779005
FACEBOOK,PRUDENTIAL FINANCIAL,0.3319807742009083
FACEBOOK,TEXAS INSTRUMENTS,0.008081775334821427
FACEBOOK,VERIZON,0.012807166016891679
FACEBOOK,W.R. BERKLEY,0.2729046875
FEDEX,FIRSTENERGY,0.06002555618301895
FEDEX,GENERAL MOTORS,0.0016046261253701082
FEDEX,GILEAD SCIENCES,0.0012954160024901385
FEDEX,HARTFORD FINANCIAL SERVICES,0.00042352428793860145
FEDEX,HERSHEY,0.008081775334821427
FEDEX,HUMANA,0.0026846509682825815
FEDEX,KROGER,0.0012954160024901385
FEDEX,LEIDOS HOLDINGS,0.0453869248032459
FEDEX,LIBERTY MUTUAL INSURANCE GROUP,0.002323112697798982
FEDEX,LOCKHEED MARTIN,0.029264492473036603
FEDEX,LOEWS,0.05907608670090822
FEDEX,LUMEN TECHNOLOGIES,0.03483459564732143
FEDEX,MOLINA HEALTHCARE,0.004541508750651042
FEDEX,NIKE,0.0156601875
FEDEX,ORACLE,0.044365368683018956
FEDEX,PEABODY ENERGY,0.03232326638840822
FEDEX,PHILLIPS 66,0.0010276966953088433
FEDEX,PNC FINANCIAL SERVICES,0.06002555618301895
FEDEX,PPL,0.06002555618301895
FEDEX,PRINCIPAL FINANCIAL,0.0156601875
FEDEX,PUBLIC SERVICE ENTERPRISE GROUP,0.004541508750651042
FEDEX,RAYTHEON,0.14300871322792164
FEDEX,SOUTHERN,0.01002051802947596
FEDEX,STATE FARM INSURANCE,0.06002555618301895
FEDEX,TEXTRON,0.0230296875
FEDEX,VERIZON,0.01918014013042408
FIFTH THIRD BANCORP,GOLDMAN SACHS GROUP,0.036125
FIFTH THIRD BANCORP,INTUIT,0.138564875
FIFTH THIRD BANCORP,JPMORGAN CHASE & CO.,0.038689875
FIFTH THIRD BANCORP,KEYCORP,0.054350062500000004
FIFTH THIRD BANCORP,SYNCHRONY FINANCIAL,0.0156601875
FIFTH THIRD BANCORP,WELLS FARGO,0.12290468750000001
FIRSTENERGY,GENERAL ELECTRIC,0.0019466219878805293
FIRSTENERGY,GENERAL MOTORS,0.0019466219878805293
FIRSTENERGY,GILEAD SCIENCES,0.0012954160024901385
FIRSTENERGY,HARTFORD FINANCIAL SERVICES,0.0007655201504490222
FIRSTENERGY,HERSHEY,0.008081775334821427
FIRSTENERGY,HOLLYFRONTIER,0.0110926328125
FIRSTENERGY,HOME DEPOT,0.01498062724228346
FIRSTENERGY,HONEYWELL INTERNATIONAL,0.01498062724228346
FIRSTENERGY,HUMANA,0.0026846509682825815
FIRSTENERGY,KROGER,0.0012954160024901385
FIRSTENERGY,LEIDOS HOLDINGS,0.0453869248032459
FIRSTENERGY,LIBERTY MUTUAL INSURANCE GROUP,0.006287476439476873
FIRSTENERGY,LIVE NATION ENTERTAINMENT,0.0230296875
FIRSTENERGY,LOCKHEED MARTIN,0.008821722079752832
FIRSTENERGY,LOEWS,0.08210577420090824
FIRSTENERGY,LUMEN TECHNOLOGIES,0.05786428314732143
FIRSTENERGY,MOLINA HEALTHCARE,0.004541508750651042
FIRSTENERGY,NIKE,0.038689875
FIRSTENERGY,ORACLE,0.04470736454552938
FIRSTENERGY,PEABODY ENERGY,0.09348433002786243
FIRSTENERGY,PG&E,0.009128912891213238
FIRSTENERGY,PNC FINANCIAL SERVICES,0.0833972395455294
FIRSTENERGY,PPL,0.5047618240697984
FIRSTENERGY,PRINCIPAL FINANCIAL,0.038689875
FIRSTENERGY,PUBLIC SERVICE ENTERPRISE GROUP,0.004541508750651042
FIRSTENERGY,RAYTHEON,0.04470736454552938
FIRSTENERGY,SOUTHERN,0.3476110407661576
FIRSTENERGY,STATE FARM INSURANCE,0.0833972395455294
FIRSTENERGY,UNION PACIFIC,0.0019466219878805293
FIRSTENERGY,VERIZON,0.019522135992934498
FIRSTENERGY,WELLS FARGO,0.0230296875
FIRSTENERGY,XCEL ENERGY,0.027400022523931318
FLUOR,GENERAL DYNAMICS,0.076535328125
FLUOR,HARTFORD FINANCIAL SERVICES,0.025185228552594866
FLUOR,HILTON WORLDWIDE HOLDINGS,0.025185228552594866
FLUOR,HOLLYFRONTIER,0.0267528203125
FLUOR,HP,0.30773928314732146
FLUOR,IBM,0.014092595740094863
FLUOR,INTERNATIONAL PAPER,0.1697609239578683
FLUOR,LOCKHEED MARTIN,0.10000010355259485
FLUOR,MAGELLAN HEALTH,0.0156601875
FLUOR,MARATHON OIL,0.21375000000000005
FLUOR,MICRON TECHNOLOGY,0.0497825078125
FLUOR,MOTOROLA SOLUTIONS,0.025185228552594866
FLUOR,NORTHROP GRUMMAN,0.05786428314732143
FLUOR,PG&E,0.006010820405273437
FLUOR,PPG INDUSTRIES,0.05493801179268973
FLUOR,PPL,0.06387510355259486
FLUOR,PUBLIC SERVICE ENTERPRISE GROUP,0.1549381153452846
FLUOR,SEMPRA ENERGY,0.008081775334821427
FLUOR,SOUTHWEST AIRLINES,0.025185228552594866
FLUOR,UNION PACIFIC,0.06387510355259486
FLUOR,WALMART,0.30773928314732146
FLUOR,XCEL ENERGY,0.04084541605259486
FORD,STANLEY BLACK & DECKER,0.0230296875
FORD,TESLA,0.2290399375
FOX CORP,GRAPHIC PACKAGING HOLDING,0.019174408147321426
FOX CORP,HOME DEPOT,0.039597979572790626
FOX CORP,IBM,0.00716037057542517
FOX CORP,IHEARTMEDIA,0.06354550881344302
FOX CORP,KROGER,0.0029366670463690475
FOX CORP,MICROSOFT,0.07690826764226089
FOX CORP,MUTUAL OF OMAHA INSURANCE,0.0110926328125
FOX CORP,NATIONWIDE,0.0462554499438821
FOX CORP,NORTHWESTERN MUTUAL,0.007684213939229733
FOX CORP,STATE FARM INSURANCE,0.044984218338990196
FOX CORP,VERIZON,0.030081164323801004
GAP,NIKE,0.06375
GENERAL DYNAMICS,HARTFORD FINANCIAL SERVICES,0.0110926328125
GENERAL DYNAMICS,HCA HEALTHCARE,0.0110926328125
GENERAL DYNAMICS,HERSHEY,0.13569001562500002
GENERAL DYNAMICS,HOLLYFRONTIER,0.2623178359375
GENERAL DYNAMICS,HUMANA,0.037845453125
GENERAL DYNAMICS,JPMORGAN CHASE & CO.,0.0110926328125
GENERAL DYNAMICS,MAGELLAN HEALTH,0.1542250625
GENERAL DYNAMICS,MICRON TECHNOLOGY,0.0497825078125
GENERAL DYNAMICS,MOLINA HEALTHCARE,0.037845453125
GENERAL DYNAMICS,MOTOROLA SOLUTIONS,0.0110926328125
GENERAL DYNAMICS,NAVISTAR INTERNATIONAL,0.136
GENERAL DYNAMICS,NORFOLK SOUTHERN,0.0267528203125
GENERAL DYNAMICS,NORTHROP GRUMMAN,0.13569001562500002
GENERAL DYNAMICS,PG&E,0.0497825078125
GENERAL DYNAMICS,PPG INDUSTRIES,0.0267528203125
GENERAL DYNAMICS,PPL,0.0497825078125
GENERAL DYNAMICS,PRINCIPAL FINANCIAL,0.138564875
GENERAL DYNAMICS,PRUDENTIAL FINANCIAL,0.1496575078125
GENERAL DYNAMICS,PUBLIC SERVICE ENTERPRISE GROUP,0.0267528203125
GENERAL DYNAMICS,QUEST DIAGNOSTICS,0.0497825078125
GENERAL DYNAMICS,SOUTHWEST AIRLINES,0.0110926328125
GENERAL DYNAMICS,TENET HEALTHCARE,0.06375
GENERAL DYNAMICS,UNION PACIFIC,0.0497825078125
GENERAL DYNAMICS,WALGREENS BOOTS ALLIANCE,0.074814875
GENERAL DYNAMICS,XCEL ENERGY,0.0267528203125
GENERAL ELECTRIC,GILEAD SCIENCES,0.0077131085607718055
GENERAL ELECTRIC,HARTFORD FINANCIAL SERVICES,0.00025703459960315354
GENERAL ELECTRIC,HOME DEPOT,0.0022234757813413457
GENERAL ELECTRIC,HUMANA,0.006158905162530628
GENERAL ELECTRIC,IBM,0.004021473939665213
GENERAL ELECTRIC,IHEARTMEDIA,0.006387935671122234
GENERAL ELECTRIC,JOHNSON & JOHNSON,0.04302539593591229
GENERAL ELECTRIC,LOCKHEED MARTIN,0.00239965462625561
GENERAL ELECTRIC,MERCK,0.025532956398207938
GENERAL ELECTRIC,PG&E,0.011342261418573411
GENERAL ELECTRIC,PPL,0.009098575873213648
GENERAL ELECTRIC,RAYTHEON,0.0021243514453791047
GENERAL ELECTRIC,SOUTHWEST AIRLINES,0.0020917905461201778
GENERAL ELECTRIC,UNION PACIFIC,0.02760591073046054
GENERAL ELECTRIC,XCEL ENERGY,0.010886680472362
GENERAL MOTORS,HARTFORD FINANCIAL SERVICES,0.0020663131193052924
GENERAL MOTORS,HP,0.05786428314732143
GENERAL MOTORS,JOHNSON & JOHNSON,9.951581239834036e-05
GENERAL MOTORS,LOCKHEED MARTIN,0.0032474149567367997
GENERAL MOTORS,LOEWS,0.0006551566432593875
GENERAL MOTORS,MICROSOFT,0.00016608054963880575
GENERAL MOTORS,NATIONWIDE,0.01628142021113973
GENERAL MOTORS,ORACLE,0.08634682732153845
GENERAL MOTORS,PEABODY ENERGY,0.0006551566432593875
GENERAL MOTORS,PG&E,0.017180246098330087
GENERAL MOTORS,PHILLIPS 66,0.3305066717535747
GENERAL MOTORS,PNC FINANCIAL SERVICES,0.002448104881944781
GENERAL MOTORS,PPL,0.0022234757813413457
GENERAL MOTORS,RAYTHEON,0.002779508088638493
GENERAL MOTORS,STATE FARM INSURANCE,0.0022234757813413457
GENERAL MOTORS,TESLA,0.008081775334821427
GENERAL MOTORS,UNION PACIFIC,0.000346510563259192
GENERAL MOTORS,VERIZON,0.0032474149567367997
GENERAL MOTORS,XCEL ENERGY,0.03526203526514481
GENWORTH FINANCIAL,GOLDMAN SACHS GROUP,0.21375000000000005
GENWORTH FINANCIAL,HARTFORD FINANCIAL SERVICES,0.21375000000000005
GENWORTH FINANCIAL,MASSACHUSETTS MUTUAL LIFE INSURANCE,0.21375000000000005
GENWORTH FINANCIAL,METLIFE,0.21375000000000005
GENWORTH FINANCIAL,NATIONWIDE,0.21375000000000005
GENWORTH FINANCIAL,NEXTERA ENERGY,0.21375000000000005
GENWORTH FINANCIAL,PRUDENTIAL FINANCIAL,0.21375000000000005
GENWORTH FINANCIAL,W.R. BERKLEY,0.21375000000000005
GILEAD SCIENCES,HARTFORD FINANCIAL SERVICES,0.011187362755019853
GILEAD SCIENCES,HERSHEY,0.008081775334821427
GILEAD SCIENCES,HUMANA,0.11876441240579075
GILEAD SCIENCES,INTERNATIONAL PAPER,0.32654230801189676
GILEAD SCIENCES,JOHNSON & JOHNSON,0.0077131085607718055
GILEAD SCIENCES,KROGER,0.017024287508161033
GILEAD SCIENCES,LIBERTY MUTUAL INSURANCE GROUP,0.11702439106075589
GILEAD SCIENCES,LOCKHEED MARTIN,0.0012954160024901385
GILEAD SCIENCES,LOEWS,0.0012954160024901385
GILEAD SCIENCES,MERCK,0.0077131085607718055
GILEAD SCIENCES,MOLINA HEALTHCARE,0.02918643364667038
GILEAD SCIENCES,MUTUAL OF OMAHA INSURANCE,0.1496575078125
GILEAD SCIENCES,ORACLE,0.0012954160024901385
GILEAD SCIENCES,PEABODY ENERGY,0.0012954160024901385
GILEAD SCIENCES,PG&E,0.011187362755019853
GILEAD SCIENCES,PNC FINANCIAL SERVICES,0.0012954160024901385
GILEAD SCIENCES,PPG INDUSTRIES,0.003474254194248047
GILEAD SCIENCES,PPL,0.012482778757509992
GILEAD SCIENCES,PRUDENTIAL FINANCIAL,0.021739691910944332
GILEAD SCIENCES,QUEST DIAGNOSTICS,0.30773928314732146
GILEAD SCIENCES,RAYTHEON,0.0012954160024901385
GILEAD SCIENCES,SOUTHERN,0.0012954160024901385
GILEAD SCIENCES,SOUTHWEST AIRLINES,0.008250695708650805
GILEAD SCIENCES,STATE FARM INSURANCE,0.0012954160024901385
GILEAD SCIENCES,UNION PACIFIC,0.011187362755019853
GILEAD SCIENCES,VERIZON,0.0012954160024901385
GILEAD SCIENCES,XCEL ENERGY,0.011187362755019853
GOLDMAN SACHS GROUP,HARTFORD FINANCIAL SERVICES,0.24987500000000004
GOLDMAN SACHS GROUP,MASSACHUSETTS MUTUAL LIFE INSURANCE,0.24987500000000004
GOLDMAN SACHS GROUP,METLIFE,0.24987500000000004
GOLDMAN SACHS GROUP,NATIONWIDE,0.24987500000000004
GOLDMAN SACHS GROUP,NEXTERA ENERGY,0.21375000000000005
GOLDMAN SACHS GROUP,PRUDENTIAL FINANCIAL,0.24987500000000004
GOLDMAN SACHS GROUP,W.R. BERKLEY,0.24987500000000004
GOODYEAR TIRE & RUBBER,HUNTSMAN,0.15000000000000002
GOODYEAR TIRE & RUBBER,OSHKOSH,0.15000000000000002
GRAPHIC PACKAGING HOLDING,INTERNATIONAL PAPER,0.05400900379464285
GRAPHIC PACKAGING HOLDING,WESTROCK,0.46210034375
HARTFORD FINANCIAL SERVICES,IBM,0.08521082620362978
HARTFORD FINANCIAL SERVICES,IHEARTMEDIA,0.008479726217242411
HARTFORD FINANCIAL SERVICES,JPMORGAN CHASE & CO.,0.11070051746577653
HARTFORD FINANCIAL SERVICES,LIBERTY MUTUAL INSURANCE GROUP,0.02095586470640935
HARTFORD FINANCIAL SERVICES,LOCKHEED MARTIN,0.010220535757000887
HARTFORD FINANCIAL SERVICES,MASSACHUSETTS MUTUAL LIFE INSURANCE,0.24987500000000004
HARTFORD FINANCIAL SERVICES,METLIFE,0.2729046875
HARTFORD FINANCIAL SERVICES,NATIONWIDE,0.3396670899705056
HARTFORD FINANCIAL SERVICES,NEXTERA ENERGY,0.21375000000000005
HARTFORD FINANCIAL SERVICES,ORACLE,0.0012670030445132742
HARTFORD FINANCIAL SERVICES,PG&E,0.02763305944185622
HARTFORD FINANCIAL SERVICES,PNC FINANCIAL SERVICES,0.0012670030445132742
HARTFORD FINANCIAL SERVICES,PPG INDUSTRIES,0.022108358684993952
HARTFORD FINANCIAL SERVICES,PPL,0.020841363730305155
HARTFORD FINANCIAL SERVICES,PRUDENTIAL FINANCIAL,0.3319807742009083
HARTFORD FINANCIAL SERVICES,PUBLIC SERVICE ENTERPRISE GROUP,0.018634104490745904
HARTFORD FINANCIAL SERVICES,RAYTHEON,0.0015984062512069857
HARTFORD FINANCIAL SERVICES,SOUTHWEST AIRLINES,0.03797743301189671
HARTFORD FINANCIAL SERVICES,STATE FARM INSURANCE,0.032153200101874765
HARTFORD FINANCIAL SERVICES,TIAA,0.1967218264869148
HARTFORD FINANCIAL SERVICES,UNION PACIFIC,0.020822928961790766
HARTFORD FINANCIAL SERVICES,VERIZON,0.002534219987403599
HARTFORD FINANCIAL SERVICES,W.R. BERKLEY,0.295934375
HARTFORD FINANCIAL SERVICES,XCEL ENERGY,0.046354668077644844
HCA HEALTHCARE,HUMANA,0.05786428314732143
HCA HEALTHCARE,IBM,0.008081775334821427
HCA HEALTHCARE,JPMORGAN CHASE & CO.,0.019174408147321426
HCA HEALTHCARE,MAGELLAN HEALTH,0.0156601875
HCA HEALTHCARE,MERCK,0.019174408147321426
HCA HEALTHCARE,MOLINA HEALTHCARE,0.1577392831473214
HCA HEALTHCARE,NORTHERN TRUST,0.0230296875
HERSHEY,HOLLYFRONTIER,0.0497825078125
HERSHEY,HUMANA,0.05400900379464285
HERSHEY,LEIDOS HOLDINGS,0.008081775334821427
HERSHEY,LOEWS,0.008081775334821427
HERSHEY,LUMEN TECHNOLOGIES,0.008081775334821427
HERSHEY,MAGELLAN HEALTH,0.038689875
HERSHEY,MOLINA HEALTHCARE,0.05400900379464285
HERSHEY,NAVISTAR INTERNATIONAL,0.036125
HERSHEY,NORFOLK SOUTHERN,0.03483459564732143
HERSHEY,ORACLE,0.008081775334821427
HERSHEY,PEABODY ENERGY,0.008081775334821427
HERSHEY,PNC FINANCIAL SERVICES,0.008081775334821427
HERSHEY,PPL,0.008081775334821427
HERSHEY,PRINCIPAL FINANCIAL,0.038689875
HERSHEY,PRUDENTIAL FINANCIAL,0.05786428314732143
HERSHEY,QUEST DIAGNOSTICS,0.05786428314732143
HERSHEY,RAYTHEON,0.008081775334821427
HERSHEY,STATE FARM INSURANCE,0.008081775334821427
HERSHEY,WALGREENS BOOTS ALLIANCE,0.038689875
HEWLETT PACKARD ENTERPRISE,HOME DEPOT,0.06002555618301895
HEWLETT PACKARD ENTERPRISE,HONEYWELL INTERNATIONAL,0.00042352428793860145
HEWLETT PACKARD ENTERPRISE,INTUIT,0.3545955196051897
HEWLETT PACKARD ENTERPRISE,LOCKHEED MARTIN,0.06002555618301895
HEWLETT PACKARD ENTERPRISE,MCKESSON,0.008479726217242411
HEWLETT PACKARD ENTERPRISE,MICROSOFT,0.3440946208685439
HEWLETT PACKARD ENTERPRISE,MOTOROLA SOLUTIONS,0.006158905162530628
HEWLETT PACKARD ENTERPRISE,ORACLE,0.2043967604017354
HEWLETT PACKARD ENTERPRISE,PHILLIPS 66,0.0010276966953088433
HEWLETT PACKARD ENTERPRISE,PNC FINANCIAL SERVICES,0.0016046261253701082
HEWLETT PACKARD ENTERPRISE,SALESFORCE,0.31988525
HEWLETT PACKARD ENTERPRISE,SEMPRA ENERGY,0.019174408147321426
HEWLETT PACKARD ENTERPRISE,STATE FARM INSURANCE,0.01918014013042408
HEWLETT PACKARD ENTERPRISE,SYNCHRONY FINANCIAL,0.004541508750651042
HEWLETT PACKARD ENTERPRISE,TEXAS INSTRUMENTS,0.34257387879464285
HEWLETT PACKARD ENTERPRISE,VERIZON,0.00042352428793860145
HILTON WORLDWIDE HOLDINGS,HUMANA,0.16375010355259484
HILTON WORLDWIDE HOLDINGS,MARRIOTT INTERNATIONAL,0.06375
HILTON WORLDWIDE HOLDINGS,SEMPRA ENERGY,0.008081775334821427
HOLLYFRONTIER,HUMANA,0.0110926328125
HOLLYFRONTIER,MAGELLAN HEALTH,0.138564875
HOLLYFRONTIER,MICRON TECHNOLOGY,0.0267528203125
HOLLYFRONTIER,MOLINA HEALTHCARE,0.0110926328125
HOLLYFRONTIER,MOTOROLA SOLUTIONS,0.037845453125
HOLLYFRONTIER,NAVISTAR INTERNATIONAL,0.036125
HOLLYFRONTIER,NORFOLK SOUTHERN,0.0267528203125
HOLLYFRONTIER,NORTHROP GRUMMAN,0.112660328125
HOLLYFRONTIER,PG&E,0.076535328125
HOLLYFRONTIER,PHILLIPS 66,0.0497825078125
HOLLYFRONTIER,PPG INDUSTRIES,0.0267528203125
HOLLYFRONTIER,PPL,0.037845453125
HOLLYFRONTIER,PRINCIPAL FINANCIAL,0.138564875
HOLLYFRONTIER,PRUDENTIAL FINANCIAL,0.1496575078125
HOLLYFRONTIER,PUBLIC SERVICE ENTERPRISE GROUP,0.0267528203125
HOLLYFRONTIER,QUEST DIAGNOSTICS,0.0497825078125
HOLLYFRONTIER,TENET HEALTHCARE,0.06375
HOLLYFRONTIER,UNION PACIFIC,0.0267528203125
HOLLYFRONTIER,WALGREENS BOOTS ALLIANCE,0.074814875
HOME DEPOT,HP,0.008081775334821427
HOME DEPOT,IHEARTMEDIA,0.06354550881344302
HOME DEPOT,INTUIT,0.04084541605259486
HOME DEPOT,KROGER,0.0029366670463690475
HOME DEPOT,LIBERTY MEDIA,0.06375
HOME DEPOT,LIBERTY MUTUAL INSURANCE GROUP,0.00396436374167789
HOME DEPOT,LINCOLN NATIONAL,0.3137501035525949
HOME DEPOT,LOWE'S,0.014092595740094863
HOME DEPOT,MICROSOFT,0.03158221662789155
HOME DEPOT,MUTUAL OF OMAHA INSURANCE,0.0110926328125
HOME DEPOT,NATIONWIDE,0.019798989786395313
HOME DEPOT,ORACLE,0.08645421603065896
HOME DEPOT,PEPSICO,0.08468870489015055
HOME DEPOT,PG&E,0.001568319138081958
HOME DEPOT,PRUDENTIAL FINANCIAL,0.0025017991426424654
HOME DEPOT,PUBLIX SUPER MARKETS,0.288564875
HOME DEPOT,SALESFORCE,0.0156601875
HOME DEPOT,SOUTHERN,0.006056154287798069
HOME DEPOT,STATE FARM INSURANCE,0.019798989786395313
HOME DEPOT,TEXAS INSTRUMENTS,0.03483459564732143
HOME DEPOT,UNION PACIFIC,0.0022234757813413457
HOME DEPOT,WALMART,0.008081775334821427
HOME DEPOT,WEYERHAEUSER,0.0110926328125
HOME DEPOT,XCEL ENERGY,0.011783226841496226
HONEYWELL INTERNATIONAL,KROGER,0.11572897505826577
HONEYWELL INTERNATIONAL,LOCKHEED MARTIN,0.0027655677919547635
HONEYWELL INTERNATIONAL,MUTUAL OF OMAHA INSURANCE,0.1496575078125
HONEYWELL INTERNATIONAL,PPL,0.006729931533632654
HONEYWELL INTERNATIONAL,RAYTHEON,0.040344663266662015
HONEYWELL INTERNATIONAL,UNION PACIFIC,0.006729931533632654
HP,INTERNATIONAL PAPER,0.1577392831473214
HP,MARATHON OIL,0.21375000000000005
HP,TARGET,0.0156601875
HP,WALGREENS BOOTS ALLIANCE,0.0156601875
HP,WALMART,0.34257387879464285
HUMANA,JOHNSON & JOHNSON,0.006158905162530628
HUMANA,KROGER,0.010700413913181668
HUMANA,LOEWS,0.0026846509682825815
HUMANA,MERCK,0.006158905162530628
HUMANA,MOLINA HEALTHCARE,0.14353027440973773
HUMANA,NORFOLK SOUTHERN,0.019174408147321426
HUMANA,ORACLE,0.0026846509682825815
HUMANA,PEABODY ENERGY,0.0026846509682825815
HUMANA,PNC FINANCIAL SERVICES,0.0026846509682825815
HUMANA,PPL,0.0026846509682825815
HUMANA,PRUDENTIAL FINANCIAL,0.03588564246577653
HUMANA,QUEST DIAGNOSTICS,0.019174408147321426
HUMANA,RAYTHEON,0.0026846509682825815
HUMANA,STATE FARM INSURANCE,0.0026846509682825815
HUMANA,VERIZON,0.0026846509682825815
HUNTSMAN,NORTHROP GRUMMAN,0.036125
HUNTSMAN,OSHKOSH,0.15000000000000002
HUNTSMAN,PPL,0.099875
HUNTSMAN,UNION PACIFIC,0.036125
IBM,IHEARTMEDIA,0.002423571929444343
IBM,INTERNATIONAL PAPER,0.01880302486457528
IBM,LOCKHEED MARTIN,0.003616197488872865
IBM,MERCK,0.03361473173302936
IBM,METLIFE,0.0230296875
IBM,MICROSOFT,0.05369447328398292
IBM,MOLINA HEALTHCARE,0.010552329155924479
IBM,NATIONWIDE,0.09750519853127733
IBM,ORACLE,0.005590163383817998
IBM,PG&E,0.004066360760811034
IBM,PRUDENTIAL FINANCIAL,0.08210577420090824
IBM,RAYTHEON,0.02035502209369246
IBM,UNION PACIFIC,0.004066360760811034
IBM,VERIZON,0.054718412459378384
IBM,W.R. BERKLEY,0.0230296875
IHEARTMEDIA,JPMORGAN CHASE & CO.,0.006158905162530628
IHEARTMEDIA,KROGER,0.0029366670463690475
IHEARTMEDIA,LOCKHEED MARTIN,0.003451268624753187
IHEARTMEDIA,MICROSOFT,0.06097502566512966
IHEARTMEDIA,MUTUAL OF OMAHA INSURANCE,0.037845453125
IHEARTMEDIA,NATIONWIDE,0.06002555618301895
IHEARTMEDIA,ORACLE,0.009429195699353132
IHEARTMEDIA,PG&E,0.006387935671122234
IHEARTMEDIA,STATE FARM INSURANCE,0.06002555618301895
IHEARTMEDIA,UNION PACIFIC,0.006387935671122234
ILLINOIS TOOL WORKS,OWENS CORNING,0.036125
ILLINOIS TOOL WORKS,PROCTER & GAMBLE,0.15000000000000002
ILLINOIS TOOL WORKS,WHIRLPOOL,0.385875
INTERNATIONAL PAPER,LIBERTY MUTUAL INSURANCE GROUP,0.1127923080118967
INTERNATIONAL PAPER,MARATHON OIL,0.06375
INTERNATIONAL PAPER,PHILLIPS 66,0.008250695708650805
INTERNATIONAL PAPER,QUEST DIAGNOSTICS,0.30773928314732146
INTERNATIONAL PAPER,WALMART,0.1577392831473214
INTERNATIONAL PAPER,WESTROCK,0.0110926328125
INTUIT,JPMORGAN CHASE & CO.,0.06387510355259486
INTUIT,KEYCORP,0.038689875
INTUIT,MICROSOFT,0.3137501035525949
INTUIT,ORACLE,0.14084551960518973
INTUIT,RAYTHEON,0.014092595740094863
INTUIT,SALESFORCE,0.32725475000000004
INTUIT,TEXAS INSTRUMENTS,0.34257387879464285
INTUIT,WELLS FARGO,0.12290468750000001
JACOBS ENGINEERING GROUP,L3HARRIS TECHNOLOGIES,0.2729046875
JACOBS ENGINEERING GROUP,MAGELLAN HEALTH,0.12290468750000001
JACOBS ENGINEERING GROUP,NORTHROP GRUMMAN,0.2729046875
JACOBS ENGINEERING GROUP,TEXTRON,0.12290468750000001
JACOBS ENGINEERING GROUP,USAA,0.06375
JACOBS ENGINEERING GROUP,XCEL ENERGY,0.0230296875
JOHNSON & JOHNSON,KROGER,0.011187362755019853
JOHNSON & JOHNSON,MERCK,0.025532956398207938
JPMORGAN CHASE & CO.,KEYCORP,0.038689875
JPMORGAN CHASE & CO.,LOCKHEED MARTIN,0.006158905162530628
JPMORGAN CHASE & CO.,NORTHROP GRUMMAN,0.03483459564732143
JPMORGAN CHASE & CO.,PNC FINANCIAL SERVICES,0.022870139480985735
JPMORGAN CHASE & CO.,TIAA,0.02479300965327653
JPMORGAN CHASE & CO.,WELLS FARGO,0.0230296875
KEYCORP,WELLS FARGO,0.0230296875
KIMBERLY-CLARK,KROGER,0.06375
KRAFT HEINZ,RAYTHEON,0.0156601875
KROGER,LIBERTY MUTUAL INSURANCE GROUP,0.0012954160024901385
KROGER,LOCKHEED MARTIN,0.0012954160024901385
KROGER,LOEWS,0.0012954160024901385
KROGER,LOWE'S,0.2045955196051897
KROGER,MICROSOFT,0.0029366670463690475
KROGER,MOLINA HEALTHCARE,0.004541508750651042
KROGER,MUTUAL OF OMAHA INSURANCE,0.112660328125
KROGER,NATIONWIDE,0.0029366670463690475
KROGER,NORTHWESTERN MUTUAL,0.0029366670463690475
KROGER,ORACLE,0.0012954160024901385
KROGER,PEABODY ENERGY,0.0012954160024901385
KROGER,PHILLIPS 66,0.04091410005826576
KROGER,PNC FINANCIAL SERVICES,0.0012954160024901385
KROGER,PPL,0.0012954160024901385
KROGER,PRUDENTIAL FINANCIAL,0.015728871505670892
KROGER,RAYTHEON,0.0012954160024901385
KROGER,SOUTHERN,0.0012954160024901385
KROGER,STATE FARM INSURANCE,0.004232083048859186
KROGER,VERIZON,0.0012954160024901385
L3HARRIS TECHNOLOGIES,NORTHROP GRUMMAN,0.295934375
LABORATORY CORP. OF AMERICA,PG&E,0.010700413913181668
LABORATORY CORP. OF AMERICA,QUEST DIAGNOSTICS,0.09398928314732143
LABORATORY CORP. OF AMERICA,SOUTHWEST AIRLINES,0.016711234318455108
LABORATORY CORP. OF AMERICA,UNION PACIFIC,0.006158905162530628
LEIDOS HOLDINGS,LOEWS,0.0453869248032459
LEIDOS HOLDINGS,LUMEN TECHNOLOGIES,0.03483459564732143
LEIDOS HOLDINGS,MOLINA HEALTHCARE,0.004541508750651042
LEIDOS HOLDINGS,NIKE,0.0156601875
LEIDOS HOLDINGS,ORACLE,0.029726737303245907
LEIDOS HOLDINGS,PEABODY ENERGY,0.018634104490745904
LEIDOS HOLDINGS,PNC FINANCIAL SERVICES,0.0453869248032459
LEIDOS HOLDINGS,PPL,0.0453869248032459
LEIDOS HOLDINGS,PRINCIPAL FINANCIAL,0.0156601875
LEIDOS HOLDINGS,PUBLIC SERVICE ENTERPRISE GROUP,0.004541508750651042
LEIDOS HOLDINGS,RAYTHEON,0.029726737303245907
LEIDOS HOLDINGS,STATE FARM INSURANCE,0.0453869248032459
LEIDOS HOLDINGS,VERIZON,0.004541508750651042
LIBERTY MEDIA,NAVIENT,0.06375
LIBERTY MUTUAL INSURANCE GROUP,LOCKHEED MARTIN,0.002323112697798982
LIBERTY MUTUAL INSURANCE GROUP,LOEWS,0.002323112697798982
LIBERTY MUTUAL INSURANCE GROUP,NORTHWESTERN MUTUAL,0.0010276966953088433
LIBERTY MUTUAL INSURANCE GROUP,ORACLE,0.002323112697798982
LIBERTY MUTUAL INSURANCE GROUP,PEABODY ENERGY,0.002323112697798982
LIBERTY MUTUAL INSURANCE GROUP,PNC FINANCIAL SERVICES,0.002323112697798982
LIBERTY MUTUAL INSURANCE GROUP,PPL,0.002323112697798982
LIBERTY MUTUAL INSURANCE GROUP,QUEST DIAGNOSTICS,0.09398928314732143
LIBERTY MUTUAL INSURANCE GROUP,RAYTHEON,0.002323112697798982
LIBERTY MUTUAL INSURANCE GROUP,SOUTHERN,0.006287476439476873
LIBERTY MUTUAL INSURANCE GROUP,STATE FARM INSURANCE,0.35366220435664275
LIBERTY MUTUAL INSURANCE GROUP,VERIZON,0.002323112697798982
LINCOLN NATIONAL,NATIONWIDE,0.025185228552594866
LINCOLN NATIONAL,PNC FINANCIAL SERVICES,0.16375010355259484
LINCOLN NATIONAL,PRUDENTIAL FINANCIAL,0.0201034161453683
LINCOLN NATIONAL,PUBLIX SUPER MARKETS,0.36337975000000006
LINCOLN NATIONAL,U.S. BANCORP,0.06375
LINCOLN NATIONAL,WELLS FARGO,0.12290468750000001
LIVE NATION ENTERTAINMENT,LOEWS,0.0230296875
LIVE NATION ENTERTAINMENT,LUMEN TECHNOLOGIES,0.0230296875
LIVE NATION ENTERTAINMENT,NIKE,0.0230296875
LIVE NATION ENTERTAINMENT,PNC FINANCIAL SERVICES,0.0230296875
LIVE NATION ENTERTAINMENT,PPL,0.0230296875
LIVE NATION ENTERTAINMENT,PRINCIPAL FINANCIAL,0.0230296875
LIVE NATION ENTERTAINMENT,STATE FARM INSURANCE,0.0230296875
LIVE NATION ENTERTAINMENT,WELLS FARGO,0.0230296875
LOCKHEED MARTIN,LOEWS,0.00753025673513169
LOCKHEED MARTIN,MICROSOFT,0.01521657250472898
LOCKHEED MARTIN,NATIONWIDE,0.00061667684951879
LOCKHEED MARTIN,ORACLE,0.018646409947634168
LOCKHEED MARTIN,PEABODY ENERGY,0.00753025673513169
LOCKHEED MARTIN,PG&E,0.004476152105886526
LOCKHEED MARTIN,PNC FINANCIAL SERVICES,0.009323204973817084
LOCKHEED MARTIN,PPL,0.014751690540621025
LOCKHEED MARTIN,PUBLIC SERVICE ENTERPRISE GROUP,0.1045416123032459
LOCKHEED MARTIN,RAYTHEON,0.04740475143368109
LOCKHEED MARTIN,SEMPRA ENERGY,0.019174408147321426
LOCKHEED MARTIN,SOUTHERN,0.00396436374167789
LOCKHEED MARTIN,STATE FARM INSURANCE,0.009098575873213648
LOCKHEED MARTIN,SYNCHRONY FINANCIAL,0.01509383790657552
LOCKHEED MARTIN,UNION PACIFIC,0.006803561297576812
LOCKHEED MARTIN,VERIZON,0.04308893829578964
LOCKHEED MARTIN,XCEL ENERGY,0.00907144275685293
LOEWS,LUMEN TECHNOLOGIES,0.05786428314732143
LOEWS,MOLINA HEALTHCARE,0.004541508750651042
LOEWS,NIKE,0.038689875
LOEWS,ORACLE,0.04341589920090823
LOEWS,PEABODY ENERGY,0.03232326638840822
LOEWS,PG&E,0.0006551566432593875
LOEWS,PHILLIPS 66,0.01876132328555661
LOEWS,PNC FINANCIAL SERVICES,0.3319807742009083
LOEWS,PPL,0.11823077420090823
LOEWS,PRINCIPAL FINANCIAL,0.038689875
LOEWS,PUBLIC SERVICE ENTERPRISE GROUP,0.004541508750651042
LOEWS,QUANTA SERVICES,0.15000000000000002
LOEWS,RAYTHEON,0.04341589920090823
LOEWS,SHERWIN-WILLIAMS,0.0591546875
LOEWS,SOUTHERN,0.00396436374167789
LOEWS,STATE FARM INSURANCE,0.08210577420090824
LOEWS,VERIZON,0.01823067064831336
LOEWS,VISA,0.06375
LOEWS,WELLS FARGO,0.0591546875
LOWE'S,MUTUAL OF OMAHA INSURANCE,0.08590750781249999
LOWE'S,PEPSICO,0.014092595740094863
LOWE'S,STATE FARM INSURANCE,0.014092595740094863
LOWE'S,SYSCO,0.21375000000000005
LOWE'S,TARGET,0.038689875
LOWE'S,WALGREENS BOOTS ALLIANCE,0.038689875
LOWE'S,WALMART,0.05786428314732143
LOWE'S,WEYERHAEUSER,0.2996575078125
LUMEN TECHNOLOGIES,NIKE,0.038689875
LUMEN TECHNOLOGIES,ORACLE,0.019174408147321426
LUMEN TECHNOLOGIES,PEABODY ENERGY,0.008081775334821427
LUMEN TECHNOLOGIES,PNC FINANCIAL SERVICES,0.05786428314732143
LUMEN TECHNOLOGIES,PPL,0.05786428314732143
LUMEN TECHNOLOGIES,PRINCIPAL FINANCIAL,0.038689875
LUMEN TECHNOLOGIES,QUEST DIAGNOSTICS,0.008081775334821427
LUMEN TECHNOLOGIES,RAYTHEON,0.019174408147321426
LUMEN TECHNOLOGIES,STATE FARM INSURANCE,0.05786428314732143
LUMEN TECHNOLOGIES,WELLS FARGO,0.0230296875
LUMEN TECHNOLOGIES,XCEL ENERGY,0.008081775334821427
MAGELLAN HEALTH,NAVISTAR INTERNATIONAL,0.036125
MAGELLAN HEALTH,NORFOLK SOUTHERN,0.0156601875
MAGELLAN HEALTH,PRINCIPAL FINANCIAL,0.138564875
MAGELLAN HEALTH,PRUDENTIAL FINANCIAL,0.138564875
MAGELLAN HEALTH,QUEST DIAGNOSTICS,0.038689875
MAGELLAN HEALTH,TENET HEALTHCARE,0.21375000000000005
MAGELLAN HEALTH,TEXTRON,0.12290468750000001
MAGELLAN HEALTH,USAA,0.06375
MAGELLAN HEALTH,WALGREENS BOOTS ALLIANCE,0.074814875
MAGELLAN HEALTH,XCEL ENERGY,0.038689875
MARATHON OIL,WALMART,0.21375000000000005
MARRIOTT INTERNATIONAL,NORTHERN TRUST,0.06375
MARSH & MCLENNAN,USAA,0.15000000000000002
MASSACHUSETTS MUTUAL LIFE INSURANCE,METLIFE,0.24987500000000004
MASSACHUSETTS MUTUAL LIFE INSURANCE,NATIONWIDE,0.24987500000000004
MASSACHUSETTS MUTUAL LIFE INSURANCE,NEXTERA ENERGY,0.21375000000000005
MASSACHUSETTS MUTUAL LIFE INSURANCE,PRUDENTIAL FINANCIAL,0.24987500000000004
MASSACHUSETTS MUTUAL LIFE INSURANCE,W.R. BERKLEY,0.24987500000000004
MCKESSON,MERCK,0.0016046261253701082
MERCK,MOLINA HEALTHCARE,0.010552329155924479
MERCK,MUTUAL OF OMAHA INSURANCE,0.0267528203125
MERCK,RAYTHEON,0.019522135992934498
MERCK,THERMO FISHER SCIENTIFIC,0.026884800199396708
METLIFE,NATIONWIDE,0.2729046875
METLIFE,NEXTERA ENERGY,0.21375000000000005
METLIFE,PRUDENTIAL FINANCIAL,0.2729046875
METLIFE,W.R. BERKLEY,0.2729046875
MICRON TECHNOLOGY,MOTOROLA SOLUTIONS,0.0110926328125
MICRON TECHNOLOGY,NORTHROP GRUMMAN,0.0497825078125
MICRON TECHNOLOGY,PPG INDUSTRIES,0.076535328125
MICRON TECHNOLOGY,PPL,0.0497825078125
MICRON TECHNOLOGY,PUBLIC SERVICE ENTERPRISE GROUP,0.0267528203125
MICRON TECHNOLOGY,TEXAS INSTRUMENTS,0.097000140625
MICRON TECHNOLOGY,UNION PACIFIC,0.0497825078125
MICROSOFT,MUTUAL OF OMAHA INSURANCE,0.0267528203125
MICROSOFT,NATIONWIDE,0.061668345014385645
MICROSOFT,NORTHWESTERN MUTUAL,0.003719850197551842
MICROSOFT,ORACLE,0.15985896591265092
MICROSOFT,PPL,0.0002768537934608167
MICROSOFT,RAYTHEON,0.00033140320669371143
MICROSOFT,SALESFORCE,0.288564875
MICROSOFT,STATE FARM INSURANCE,0.06064440583899019
MICROSOFT,TEXAS INSTRUMENTS,0.30773928314732146
MICROSOFT,VERIZON,0.09835997298242823
MOLINA HEALTHCARE,NORFOLK SOUTHERN,0.019174408147321426
MOLINA HEALTHCARE,ORACLE,0.004541508750651042
MOLINA HEALTHCARE,PEABODY ENERGY,0.004541508750651042
MOLINA HEALTHCARE,PNC FINANCIAL SERVICES,0.004541508750651042
MOLINA HEALTHCARE,PPL,0.004541508750651042
MOLINA HEALTHCARE,PRUDENTIAL FINANCIAL,0.029726737303245907
MOLINA HEALTHCARE,PUBLIC SERVICE ENTERPRISE GROUP,0.004541508750651042
MOLINA HEALTHCARE,QUEST DIAGNOSTICS,0.019174408147321426
MOLINA HEALTHCARE,RAYTHEON,0.009083017501302084
MOLINA HEALTHCARE,STATE FARM INSURANCE,0.004541508750651042
MOLINA HEALTHCARE,VERIZON,0.004541508750651042
MOLSON COORS BEVERAGE,S&P GLOBAL,0.138564875
MOTOROLA SOLUTIONS,NORTHROP GRUMMAN,0.019174408147321426
MOTOROLA SOLUTIONS,ORACLE,0.006158905162530628
MOTOROLA SOLUTIONS,PG&E,0.05154582996577653
MOTOROLA SOLUTIONS,PPG INDUSTRIES,0.033200991497493955
MOTOROLA SOLUTIONS,PPL,0.03588564246577653
MOTOROLA SOLUTIONS,PUBLIC SERVICE ENTERPRISE GROUP,0.19801834960649184
MOTOROLA SOLUTIONS,RAYTHEON,0.0026846509682825815
MOTOROLA SOLUTIONS,SOUTHWEST AIRLINES,0.016711234318455108
MOTOROLA SOLUTIONS,UNION PACIFIC,0.052596876784231646
MUTUAL OF OMAHA INSURANCE,NATIONWIDE,0.0267528203125
MUTUAL OF OMAHA INSURANCE,STATE FARM INSURANCE,0.0267528203125
NATIONWIDE,NEXTERA ENERGY,0.21375000000000005
NATIONWIDE,NORTHWESTERN MUTUAL,0.020476418398531572
NATIONWIDE,PNC FINANCIAL SERVICES,0.0012670030445132742
NATIONWIDE,PRUDENTIAL FINANCIAL,0.3319807742009083
NATIONWIDE,STATE FARM INSURANCE,0.07590188687473445
NATIONWIDE,UNION PACIFIC,0.006389473458610016
NATIONWIDE,W.R. BERKLEY,0.2729046875
NATIONWIDE,XCEL ENERGY,0.00061667684951879
NAVISTAR INTERNATIONAL,PRINCIPAL FINANCIAL,0.036125
NAVISTAR INTERNATIONAL,PRUDENTIAL FINANCIAL,0.036125
NAVISTAR INTERNATIONAL,WALGREENS BOOTS ALLIANCE,0.036125
NEXTERA ENERGY,PRUDENTIAL FINANCIAL,0.21375000000000005
NEXTERA ENERGY,W.R. BERKLEY,0.21375000000000005
NIKE,PNC FINANCIAL SERVICES,0.038689875
NIKE,PPL,0.038689875
NIKE,PRINCIPAL FINANCIAL,0.038689875
NIKE,STATE FARM INSURANCE,0.038689875
NIKE,WELLS FARGO,0.0230296875
NORFOLK SOUTHERN,PRINCIPAL FINANCIAL,0.0156601875
NORFOLK SOUTHERN,PRUDENTIAL FINANCIAL,0.03483459564732143
NORFOLK SOUTHERN,QUEST DIAGNOSTICS,0.03483459564732143
NORFOLK SOUTHERN,UNION PACIFIC,0.30773928314732146
NORFOLK SOUTHERN,WALGREENS BOOTS ALLIANCE,0.0156601875
NORTHERN TRUST,RAYTHEON,0.0591546875
NORTHROP GRUMMAN,PG&E,0.05786428314732143
NORTHROP GRUMMAN,PPG INDUSTRIES,0.03483459564732143
NORTHROP GRUMMAN,PPL,0.09398928314732143
NORTHROP GRUMMAN,PUBLIC SERVICE ENTERPRISE GROUP,0.03483459564732143
NORTHROP GRUMMAN,RAYTHEON,0.019174408147321426
NORTHROP GRUMMAN,SOUTHWEST AIRLINES,0.008081775334821427
NORTHROP GRUMMAN,UNION PACIFIC,0.10207105848214285
NORTHWESTERN MUTUAL,PNC FINANCIAL SERVICES,0.005590163383817998
NORTHWESTERN MUTUAL,PRINCIPAL FINANCIAL,0.0156601875
NORTHWESTERN MUTUAL,PRUDENTIAL FINANCIAL,0.06287330184604083
NORTHWESTERN MUTUAL,STATE FARM INSURANCE,0.020899869112419655
NORTHWESTERN MUTUAL,SYNCHRONY FINANCIAL,0.01509383790657552
NORTHWESTERN MUTUAL,TIAA,0.11875671939508035
NORTHWESTERN MUTUAL,VERIZON,0.007648451286338293
ONEOK,SEMPRA ENERGY,0.036125
ORACLE,PEABODY ENERGY,0.03232326638840822
ORACLE,PNC FINANCIAL SERVICES,0.045208847439593636
ORACLE,PPL,0.044984218338990196
ORACLE,PUBLIC SERVICE ENTERPRISE GROUP,0.004541508750651042
ORACLE,RAYTHEON,0.05453205241341069
ORACLE,SALESFORCE,0.0904750625
ORACLE,SOUTHERN,0.00396436374167789
ORACLE,STATE FARM INSURANCE,0.044984218338990196
ORACLE,TEXAS INSTRUMENTS,0.12882387879464285
ORACLE,VERIZON,0.02002361888699875
ORACLE,XCEL ENERGY,0.012007855942099662
OWENS CORNING,PPG INDUSTRIES,0.2729046875
OWENS CORNING,WHIRLPOOL,0.036125
PEABODY ENERGY,PNC FINANCIAL SERVICES,0.03232326638840822
PEABODY ENERGY,PPL,0.03985352312353991
PEABODY ENERGY,PUBLIC SERVICE ENTERPRISE GROUP,0.004541508750651042
PEABODY ENERGY,RAYTHEON,0.03232326638840822
PEABODY ENERGY,SOUTHERN,0.00396436374167789
PEABODY ENERGY,STATE FARM INSURANCE,0.03232326638840822
PEABODY ENERGY,VERIZON,0.01823067064831336
PEPSICO,WEYERHAEUSER,0.0110926328125
PG&E,PPG INDUSTRIES,0.014026583350172525
PG&E,PPL,0.0362711845645872
PG&E,PUBLIC SERVICE ENTERPRISE GROUP,0.010552329155924479
PG&E,RAYTHEON,0.004957553794715282
PG&E,SEMPRA ENERGY,0.30773928314732146
PG&E,SOUTHERN,0.009768501951389492
PG&E,SOUTHWEST AIRLINES,0.03159522932387713
PG&E,UNION PACIFIC,0.03974149430755373
PG&E,VERIZON,0.0007993100747920181
PG&E,XCEL ENERGY,0.07549223221911817
PNC FINANCIAL SERVICES,PPL,0.1197990933389902
PNC FINANCIAL SERVICES,PRINCIPAL FINANCIAL,0.038689875
PNC FINANCIAL SERVICES,PRUDENTIAL FINANCIAL,0.0037972151451326035
PNC FINANCIAL SERVICES,PUBLIC SERVICE ENTERPRISE GROUP,0.004541508750651042
PNC FINANCIAL SERVICES,QUANTA SERVICES,0.15000000000000002
PNC FINANCIAL SERVICES,RAYTHEON,0.045208847439593636
PNC FINANCIAL SERVICES,SOUTHERN,0.00396436374167789
PNC FINANCIAL SERVICES,STATE FARM INSURANCE,0.09277266921220385
PNC FINANCIAL SERVICES,SYNCHRONY FINANCIAL,0.018634104490745904
PNC FINANCIAL SERVICES,TIAA,0.014215107091834437
PNC FINANCIAL SERVICES,U.S. BANCORP,0.06375
PNC FINANCIAL SERVICES,VERIZON,0.02002361888699875
PNC FINANCIAL SERVICES,VISA,0.06375
PNC FINANCIAL SERVICES,WELLS FARGO,0.182059375
POLARIS INC,WEYERHAEUSER,0.0156601875
PPG INDUSTRIES,PPL,0.056876941942393046
PPG INDUSTRIES,PUBLIC SERVICE ENTERPRISE GROUP,0.06402102929399181
PPG INDUSTRIES,SOUTHERN,0.022108358684993952
PPG INDUSTRIES,SOUTHWEST AIRLINES,0.022108358684993952
PPG INDUSTRIES,UNION PACIFIC,0.056876941942393046
PPG INDUSTRIES,XCEL ENERGY,0.022108358684993952
PPL,PRINCIPAL FINANCIAL,0.038689875
PPL,PUBLIC SERVICE ENTERPRISE GROUP,0.06502227146047246
PPL,RAYTHEON,0.05199100366608365
PPL,SOUTHERN,0.33946309593223933
PPL,SOUTHWEST AIRLINES,0.021042900167952655
PPL,STATE FARM INSURANCE,0.08367409333899022
PPL,UNION PACIFIC,0.1548555641611298
PPL,VERIZON,0.019798989786395313
PPL,WELLS FARGO,0.0591546875
PPL,XCEL ENERGY,0.08340740117010689
PRINCIPAL FINANCIAL,PRUDENTIAL FINANCIAL,0.138564875
PRINCIPAL FINANCIAL,QUEST DIAGNOSTICS,0.038689875
PRINCIPAL FINANCIAL,STATE FARM INSURANCE,0.038689875
PRINCIPAL FINANCIAL,TENET HEALTHCARE,0.06375
PRINCIPAL FINANCIAL,WALGREENS BOOTS ALLIANCE,0.074814875
PRINCIPAL FINANCIAL,WELLS FARGO,0.0230296875
PROCTER & GAMBLE,WHIRLPOOL,0.15000000000000002
PRUDENTIAL FINANCIAL,PUBLIX SUPER MARKETS,0.0156601875
PRUDENTIAL FINANCIAL,QUEST DIAGNOSTICS,0.05786428314732143
PRUDENTIAL FINANCIAL,RAYTHEON,0.0014741024473336219
PRUDENTIAL FINANCIAL,STATE FARM INSURANCE,0.0037972151451326035
PRUDENTIAL FINANCIAL,TENET HEALTHCARE,0.06375
PRUDENTIAL FINANCIAL,TIAA,0.07820371478758205
PRUDENTIAL FINANCIAL,W.R. BERKLEY,0.2729046875
PRUDENTIAL FINANCIAL,WALGREENS BOOTS ALLIANCE,0.074814875
PUBLIC SERVICE ENTERPRISE GROUP,RAYTHEON,0.004541508750651042
PUBLIC SERVICE ENTERPRISE GROUP,SOUTHWEST AIRLINES,0.04836084179399181
PUBLIC SERVICE ENTERPRISE GROUP,STATE FARM INSURANCE,0.004541508750651042
PUBLIC SERVICE ENTERPRISE GROUP,UNION PACIFIC,0.060480762709821424
PUBLIC SERVICE ENTERPRISE GROUP,VERIZON,0.004541508750651042
PUBLIC SERVICE ENTERPRISE GROUP,XCEL ENERGY,0.04836084179399181
QUEST DIAGNOSTICS,THERMO FISHER SCIENTIFIC,0.1577392831473214
QUEST DIAGNOSTICS,WALGREENS BOOTS ALLIANCE,0.054350062500000004
QUEST DIAGNOSTICS,XCEL ENERGY,0.03483459564732143
RAYTHEON,SOUTHERN,0.00396436374167789
RAYTHEON,SOUTHWEST AIRLINES,0.013027137223053566
RAYTHEON,STATE FARM INSURANCE,0.044984218338990196
RAYTHEON,TEXTRON,0.0230296875
RAYTHEON,UNION PACIFIC,0.019902076783183995
RAYTHEON,VERIZON,0.02035502209369246
SALESFORCE,STANLEY BLACK & DECKER,0.12290468750000001
SALESFORCE,TEXAS INSTRUMENTS,0.3042250625
SEMPRA ENERGY,SYNCHRONY FINANCIAL,0.008081775334821427
SEMPRA ENERGY,VERIZON,0.03483459564732143
SOUTHERN,STATE FARM INSURANCE,0.00396436374167789
SOUTHERN,VERIZON,0.00396436374167789
SOUTHERN,XCEL ENERGY,0.013242756145637538
SOUTHWEST AIRLINES,UNION PACIFIC,0.11651323304442464
SOUTHWEST AIRLINES,XCEL ENERGY,0.09161505352379341
STATE FARM INSURANCE,VERIZON,0.020075843579856135
STATE FARM INSURANCE,WELLS FARGO,0.0230296875
STATE STREET CORP.,VISA,0.15000000000000002
SYNCHRONY FINANCIAL,VERIZON,0.018634104490745904
SYSCO,WEYERHAEUSER,0.21375000000000005
TARGET,WALGREENS BOOTS ALLIANCE,0.11350475
TARGET,WALMART,0.1291649375
TESLA,XCEL ENERGY,0.027256183482142853
TEXTRON,USAA,0.06375
TEXTRON,XCEL ENERGY,0.0230296875
U.S. BANCORP,VISA,0.06375
U.S. BANCORP,WELLS FARGO,0.21375000000000005
UNION PACIFIC,XCEL ENERGY,0.04765667832885497
VERIZON,XCEL ENERGY,0.000346510563259192
WALGREENS BOOTS ALLIANCE,WALMART,0.054350062500000004
WALGREENS BOOTS ALLIANCE,XCEL ENERGY,0.0156601875
